1,10,1,6,5,102.196,111.643
2,10,1,6,4,101.336,108.602
3,10,1,8,4,78.2248,107.116
4,10,1,1,6,50.7021,66.8068
5,10,1,8,7,142.368,170
6,10,1,8,6,72.9773,82.3556
7,10,1,3,1,57.2195,68.1266
8,10,1,5,3,108.02,113.02
9,10,1,8,7,63.2116,115.177
10,10,1,2,7,60.9076,65.9076
11,10,2,1,9,54.3912,75.6388
12,10,2,1,8,52.6729,67.868
13,10,2,6,7,116.449,124.546
14,10,2,2,1,61.4037,109.391
15,10,2,5,3,134.737,170
16,10,2,6,2,105.955,126.999
17,10,2,6,1,74.4385,100.238
18,10,2,10,6,66.0408,71.1963
19,10,2,5,3,86.4231,117.594
20,10,2,3,4,81.8152,88.2226
1,10,1,6,5,102.196,111.643
2,10,1,6,4,101.336,108.602
3,10,1,8,4,78.2248,107.116
4,10,1,1,6,50.7021,66.8068
5,10,1,8,7,142.368,170
6,10,1,8,6,72.9773,82.3556
7,10,1,3,1,57.2195,68.1266
8,10,1,5,3,108.02,113.02
9,10,1,8,7,63.2116,115.177
10,10,1,2,7,60.9076,65.9076
11,10,2,1,9,54.3912,75.6388
12,10,2,1,8,52.6729,67.868
13,10,2,6,7,116.449,124.546
14,10,2,2,1,61.4037,109.391
15,10,2,5,3,134.737,170
16,10,2,6,2,105.955,126.999
17,10,2,6,1,74.4385,100.238
18,10,2,10,6,66.0408,71.1963
19,10,2,5,3,86.4231,117.594
20,10,2,3,4,81.8152,88.2226
21,10,3,7,3,116.587,157.565
22,10,3,7,2,114.009,140.013
23,10,3,4,10,44.6737,96.4607
24,10,3,2,7,72.1052,79.3067
25,10,3,2,9,127.105,170
26,10,3,4,7,138.932,170
27,10,3,9,1,91.658,148.344
28,10,3,5,9,134.061,141.532
29,10,3,2,9,109.635,128.642
30,10,3,5,10,102.722,112.249
31,10,4,2,7,68.7824,170
32,10,4,2,6,65.3453,108.412
33,10,4,2,3,82.8979,100.31
34,10,4,3,2,82.8068,109.999
35,10,4,9,5,119.473,170
36,10,4,1,3,61.9094,170
37,10,4,2,1,108.877,113.882
38,10,4,10,1,92.0816,102.062
39,10,4,9,5,132.846,143.223
40,10,4,6,7,123.63,136.638
41,10,5,7,1,130.978,139.703
42,10,5,8,10,126.682,170
43,10,5,10,6,121.123,126.123
44,10,5,4,8,93.5083,170
45,10,5,6,1,111.841,170
46,10,5,9,8,94.8867,103.277
47,10,5,5,1,126.096,142.734
48,10,5,5,4,50.102,62.8212
49,10,5,6,2,46.0579,51.0579
50,10,5,3,4,144.537,161.485
51,10,6,3,6,83.1735,103.357
52,10,6,3,4,78.0177,83.2276
53,10,6,8,9,49.3469,80.3399
54,10,6,4,3,104.21,119.238
55,10,6,3,7,104.21,161.873
56,10,6,7,4,127.864,147.462
57,10,6,8,1,143.315,170
58,10,6,10,7,118.122,133.856
59,10,6,3,8,69.2694,140.151
60,10,6,9,10,55.4444,76.9289
61,10,7,8,10,145.369,170
62,10,7,9,8,139.354,151.898
63,10,7,5,3,87.5711,96.7006
64,10,7,5,9,114.911,159.883
65,10,7,1,3,96.578,149.616
66,10,7,4,9,50.8414,88.5354
67,10,7,9,1,50.5349,155.471
68,10,7,4,5,76.1428,95.2273
69,10,7,7,10,92.481,131.643
70,10,7,1,6,76.352,103.183
71,10,8,2,4,97.5641,170
72,10,8,6,4,90.6906,112.963
73,10,8,4,3,125.796,170
74,10,8,9,6,125.613,132.011
75,10,8,5,8,88.9463,137.978
76,10,8,1,2,83.8188,170
77,10,8,2,4,67.7539,77.3826
78,10,8,7,10,144.163,167.021
79,10,8,2,3,115.693,139.784
80,10,8,4,2,97.259,130.601
81,10,9,9,8,49.7597,57.7795
82,10,9,10,6,42.0265,78.7877
83,10,9,1,9,54.0201,72.849
84,10,9,6,10,136.315,161.961
85,10,9,10,5,81.3146,126.814
86,10,9,1,10,116.796,124.23
87,10,9,5,6,84.9734,108.701
88,10,9,7,5,102.184,129.358
89,10,9,10,4,138.904,153.011
90,10,9,4,9,118.167,159.836
91,10,10,4,2,111.955,131.112
92,10,10,5,10,103.363,169.219
93,10,10,9,2,92.2448,97.2448
94,10,10,7,5,147.016,170
95,10,10,2,1,73.6829,116.021
96,10,10,8,6,149.773,167.992
97,10,10,9,1,102.192,153.404
98,10,10,10,7,60.204,92.4221
99,10,10,1,3,52.1157,58.7445
100,10,10,5,7,139.074,170
201,20,11,2,7,60.4828,88.9276
202,20,11,18,12,140.797,170
203,20,11,7,9,113.76,129.454
204,20,11,7,11,113.489,130.083
205,20,11,3,9,91.9706,152.877
206,20,11,1,6,131.917,150.956
207,20,11,7,12,54.5471,90.7171
208,20,11,14,11,114.582,126.806
209,20,11,14,16,114.04,134.622
210,20,11,11,16,48.4522,90.9439
211,20,11,13,9,41.6054,46.6054
212,20,11,3,13,146.541,151.541
213,20,11,11,13,86.1216,99.6681
214,20,11,1,15,52.7862,93.9974
215,20,11,7,8,94.2242,140.709
216,20,11,2,10,46.4661,113.327
217,20,11,11,2,102.774,168.016
218,20,11,12,20,77.1536,137.582
219,20,11,16,6,110.949,115.949
220,20,11,1,5,56.162,78.9763
221,20,12,19,20,112.345,138.179
222,20,12,20,6,109.961,132.611
223,20,12,2,19,80.465,144.337
224,20,12,17,18,70.1698,120.342
225,20,12,3,18,96.6954,117.794
226,20,12,2,14,40.2737,52.4565
227,20,12,17,13,65.8699,73.853
228,20,12,12,17,101.362,130.859
229,20,12,11,10,130.771,136.978
230,20,12,16,3,129.221,136.208
231,20,12,18,19,81.7512,86.7512
232,20,12,6,1,106.226,120.52
233,20,12,16,18,100.315,115.312
234,20,12,15,2,113.949,164.048
235,20,12,2,9,139.153,144.153
236,20,12,12,2,127.054,170
237,20,12,12,15,58.4804,80.7706
238,20,12,5,18,80.5315,138.349
239,20,12,8,11,147.399,170
240,20,12,5,7,147.631,158.946
241,20,13,15,13,54.207,77.6401
242,20,13,1,20,79.1242,91.1217
243,20,13,10,8,47.1704,61.8782
244,20,13,10,14,136.85,144.783
245,20,13,13,5,101.42,106.42
246,20,13,7,20,58.6297,65.2353
247,20,13,19,12,77.1921,116.918
248,20,13,20,3,88.1418,162.861
249,20,13,6,8,147.502,170
250,20,13,15,7,99.9889,129.444
251,20,13,19,17,121.897,126.897
252,20,13,12,6,65.9115,97.3794
253,20,13,2,10,114.507,131.029
254,20,13,11,1,65.1111,127.896
255,20,13,3,15,74.0831,94.0051
256,20,13,13,8,97.6419,133.453
257,20,13,1,13,124.187,129.499
258,20,13,13,8,83.9088,139.325
259,20,13,10,16,73.849,82.0299
260,20,13,15,10,129.101,134.101
261,20,14,12,7,106.069,127.279
262,20,14,3,13,48.2877,53.2877
263,20,14,2,18,123.876,170
264,20,14,1,6,93.5312,122.535
265,20,14,8,13,106.145,147.134
266,20,14,20,17,76.9857,81.9857
267,20,14,5,2,88.5148,97.8379
268,20,14,3,10,74.9218,83.2006
269,20,14,1,4,54.2335,77.2033
270,20,14,7,3,70.7572,75.7572
271,20,14,2,10,52.0427,57.0427
272,20,14,7,12,135.597,170
273,20,14,17,18,128.7,146.828
274,20,14,5,4,126.273,170
275,20,14,11,8,119.012,170
276,20,14,5,7,68.2297,95.657
277,20,14,10,5,79.894,123.653
278,20,14,14,1,87.2868,140.48
279,20,14,16,14,110.299,155.091
280,20,14,19,10,110.57,166.445
281,20,15,8,20,47.9311,67.0711
282,20,15,4,7,127.451,170
283,20,15,13,8,90.5812,104.333
284,20,15,12,18,50.2119,55.2119
285,20,15,2,1,110.869,125.273
286,20,15,12,14,95.3417,162.279
287,20,15,11,12,99.837,143.598
288,20,15,6,16,61.7019,84.5053
289,20,15,17,20,70.9644,78.6269
290,20,15,4,19,41.5256,61.9233
291,20,15,19,5,92.189,97.189
292,20,15,7,2,95.2824,102.882
293,20,15,7,13,142.893,162.718
294,20,15,2,20,77.436,82.436
295,20,15,6,18,53.942,60
296,20,15,19,17,148.818,169.7
297,20,15,15,14,145.6,161.196
298,20,15,1,12,90.6641,141.787
299,20,15,3,9,146.749,159.431
300,20,15,13,5,92.0393,121.573
301,20,16,5,13,99.7932,116.997
302,20,16,6,1,96.614,132.309
303,20,16,5,18,57.2866,112.528
304,20,16,4,10,116.893,133.609
305,20,16,17,9,115.594,170
306,20,16,5,11,113.698,156.074
307,20,16,17,2,111.16,121.886
308,20,16,9,3,48.4819,100.535
309,20,16,13,15,87.6952,152.078
310,20,16,11,15,122.294,170
311,20,16,8,17,132.335,137.335
312,20,16,17,5,54.9676,75.4303
313,20,16,8,15,47.0862,68.7092
314,20,16,14,10,138.598,143.598
315,20,16,6,15,98.8712,120.596
316,20,16,9,5,119.405,134.918
317,20,16,7,9,101.307,106.307
318,20,16,10,16,94.0414,143.229
319,20,16,8,6,73.1984,137.158
320,20,16,17,7,73.5086,89.2364
321,20,17,2,7,41.6553,57.0406
322,20,17,7,15,65.7774,86.2944
323,20,17,16,8,133.992,146.818
324,20,17,15,2,73.5734,124.124
325,20,17,12,17,120.319,149.442
326,20,17,18,8,132.054,161.11
327,20,17,3,12,122.482,170
328,20,17,12,9,145.262,150.262
329,20,17,9,11,104.426,129.99
330,20,17,2,11,93.0628,106.513
331,20,17,12,11,62.4805,67.4805
332,20,17,4,11,124.653,168.111
333,20,17,14,3,61.2791,84.8156
334,20,17,14,9,89.7603,95.3177
335,20,17,20,4,143.801,170
336,20,17,18,1,89.9934,100.953
337,20,17,17,19,57.0138,88.3824
338,20,17,12,8,97.4194,144.788
339,20,17,11,7,109.649,127.629
340,20,17,18,10,54.9779,61.2869
341,20,18,18,20,93.5174,107.188
342,20,18,9,8,144.941,155.427
343,20,18,8,18,100.697,152.406
344,20,18,7,13,140.254,148.279
345,20,18,7,5,125.043,133.977
346,20,18,11,5,40.4103,60.2734
347,20,18,9,2,133.804,146.001
348,20,18,7,15,132.042,149.376
349,20,18,7,4,121.157,130.35
350,20,18,4,14,63.8311,109.105
351,20,18,19,14,102.626,107.626
352,20,18,12,6,84.3386,89.3386
353,20,18,17,19,75.4715,101.052
354,20,18,2,4,40.9231,48.9207
355,20,18,3,2,78.7301,85.9108
356,20,18,7,12,60.5813,67.5889
357,20,18,18,12,122.721,132.847
358,20,18,17,6,100.797,146.451
359,20,18,16,6,146.098,170
360,20,18,20,2,146.447,170
361,20,19,15,13,145.379,157.428
362,20,19,11,2,114.104,119.104
363,20,19,19,7,67.4029,79.3304
364,20,19,18,5,96.9348,126.126
365,20,19,1,13,129.768,170
366,20,19,4,2,58.7663,71.6029
367,20,19,15,12,145.127,170
368,20,19,18,2,118.822,158.113
369,20,19,20,3,137.888,170
370,20,19,6,3,144.599,152.412
371,20,19,17,18,142.773,147.773
372,20,19,1,5,44.0238,56.4529
373,20,19,14,20,89.6644,117.438
374,20,19,18,20,102.085,112.74
375,20,19,10,16,123.66,147.302
376,20,19,4,2,141.169,146.169
377,20,19,16,4,78.4274,145.099
378,20,19,19,5,104.175,148.207
379,20,19,2,5,72.5484,96.9677
380,20,19,20,6,127.916,166.123
381,20,20,11,7,87.2409,97.7506
382,20,20,12,16,83.2678,142.566
383,20,20,11,17,144.108,170
384,20,20,10,17,53.6161,58.6161
385,20,20,16,1,134.492,155.136
386,20,20,16,18,77.1223,84.2697
387,20,20,1,3,46.4492,60.1938
388,20,20,1,8,105.603,110.603
389,20,20,16,19,44.6186,73.0228
390,20,20,18,19,115.368,146.595
391,20,20,20,11,72.9183,77.9183
392,20,20,16,12,113.71,141.947
393,20,20,10,9,103.857,133.997
394,20,20,13,3,53.2474,66.8165
395,20,20,18,9,58.589,121.624
396,20,20,16,1,111.757,170
397,20,20,6,16,144.134,166.759
398,20,20,20,18,107.552,150.045
399,20,20,8,3,108.998,113.998
400,20,20,4,5,109.385,130.289
601,30,21,12,24,131.647,170
602,30,21,29,13,141.492,170
603,30,21,26,29,146.569,170
604,30,21,28,24,112.864,128.834
605,30,21,24,3,81.0672,170
606,30,21,9,29,60.2051,106.345
607,30,21,7,4,48.0255,53.0255
608,30,21,20,3,53.6324,58.6324
609,30,21,12,15,147.398,170
610,30,21,17,1,52.1807,57.3332
611,30,21,23,29,113.21,120.092
612,30,21,28,13,133.666,141.541
613,30,21,8,30,91.6717,103.627
614,30,21,29,1,140.662,170
615,30,21,25,28,139.393,155.468
616,30,21,15,24,98.6441,103.644
617,30,21,17,26,60.5991,85.2396
618,30,21,3,30,76.0767,81.0767
619,30,21,20,29,55.8646,105.813
620,30,21,3,5,63.0701,114.178
621,30,21,1,27,63.992,79.1183
622,30,21,29,1,146.906,170
623,30,21,7,4,50.4144,78.2081
624,30,21,22,2,75.3757,105.132
625,30,21,7,17,61.4733,68.6733
626,30,21,10,14,141.108,170
627,30,21,10,26,141.64,170
628,30,21,25,20,126.395,170
629,30,21,22,28,103.045,145.165
630,30,21,14,22,105.527,165.562
631,30,22,4,1,146.487,170
632,30,22,30,24,72.9919,77.9919
633,30,22,25,18,88.787,140.668
634,30,22,15,4,84.9059,133.086
635,30,22,16,7,41.118,78.3584
636,30,22,6,9,61.1671,76.8185
637,30,22,26,5,43.1699,69.9431
638,30,22,15,28,43.805,78.4127
639,30,22,10,23,89.6556,116.603
640,30,22,13,2,115.618,170
641,30,22,18,11,74.7911,89.9874
642,30,22,30,10,122.413,132.533
643,30,22,24,27,62.7033,75.2955
644,30,22,10,8,103.551,118.728
645,30,22,5,9,49.8404,82.4981
646,30,22,26,13,75.2464,80.2464
647,30,22,27,16,72.0561,110.617
648,30,22,20,28,140.652,156.825
649,30,22,16,6,51.3824,76.8064
650,30,22,16,5,142.74,147.74
651,30,22,2,8,70.3726,116.04
652,30,22,17,28,94.3773,116.474
653,30,22,27,21,56.1485,67.2301
654,30,22,17,11,71.8223,78.4021
655,30,22,7,28,130.591,170
656,30,22,13,24,67.3508,92.8913
657,30,22,17,9,41.7181,46.7181
658,30,22,20,17,41.4619,57.8442
659,30,22,24,19,95.5713,170
660,30,22,2,19,145.314,156.259
661,30,23,26,8,51.3275,60.7588
662,30,23,2,4,114.491,127.799
663,30,23,23,6,141.004,170
664,30,23,2,14,56.9469,64.3489
665,30,23,29,12,111.169,128.248
666,30,23,13,25,62.1291,170
667,30,23,17,1,148.314,153.314
668,30,23,28,20,143.978,153.604
669,30,23,5,25,141.913,164.579
670,30,23,24,23,69.0552,102.899
671,30,23,8,5,146.372,170
672,30,23,6,27,111.159,123.708
673,30,23,24,1,143.736,156.978
674,30,23,15,10,66.4402,134.69
675,30,23,20,21,70.2878,143.13
676,30,23,3,15,51.8481,56.8481
677,30,23,6,7,83.513,148.854
678,30,23,25,8,95.227,135.864
679,30,23,13,8,46.8997,59.0128
680,30,23,5,13,112.41,122.854
681,30,23,20,29,76.7532,83.4595
682,30,23,25,4,41.8494,49.9127
683,30,23,9,4,61.8825,170
684,30,23,20,18,68.2689,107.769
685,30,23,8,13,89.7092,113.863
686,30,23,5,8,103.594,124.982
687,30,23,8,12,51.7959,65.3216
688,30,23,25,9,66.5282,120.42
689,30,23,19,20,88.0972,95.7192
690,30,23,10,24,75.1008,112.63
691,30,24,18,15,66.1676,138.691
692,30,24,3,15,45.9908,72.209
693,30,24,22,25,83.2218,170
694,30,24,19,23,138.988,166.87
695,30,24,12,16,71.2191,76.3484
696,30,24,20,10,63.0916,91.8307
697,30,24,9,27,143.458,167.621
698,30,24,11,12,134.151,170
699,30,24,30,27,84.1696,103.09
700,30,24,6,14,132.493,150.538
701,30,24,14,28,107.953,153.691
702,30,24,21,2,99.9045,115.096
703,30,24,22,26,114.767,128.674
704,30,24,1,3,139.329,156.2
705,30,24,23,25,90.7347,97.1697
706,30,24,25,18,138.45,143.45
707,30,24,22,19,94.97,99.97
708,30,24,20,25,49.8018,54.8018
709,30,24,5,9,42.4169,47.4169
710,30,24,1,12,82.0801,103.827
711,30,24,22,5,83.1337,109.596
712,30,24,26,21,99.321,170
713,30,24,28,8,67.6166,102.335
714,30,24,19,8,64.7155,75.4066
715,30,24,16,8,48.8266,57.0271
716,30,24,7,11,139.837,157.579
717,30,24,3,30,61.8743,88.4427
718,30,24,18,19,91.5946,101.458
719,30,24,2,24,80.6231,98.1762
720,30,24,20,10,114.888,119.927
721,30,25,10,21,81.0083,107.373
722,30,25,4,25,87.4902,136.86
723,30,25,20,13,135.439,140.439
724,30,25,6,3,111.029,170
725,30,25,25,20,141.27,170
726,30,25,27,25,64.0536,72.1935
727,30,25,30,23,138.602,143.602
728,30,25,24,4,124.324,140.752
729,30,25,25,30,136.427,152.017
730,30,25,17,4,85.9298,93.6807
731,30,25,18,22,69.5348,170
732,30,25,29,1,88.6508,106.74
733,30,25,18,4,85.7994,100.386
734,30,25,29,12,102.217,170
735,30,25,13,14,111.182,128.659
736,30,25,12,4,115.053,120.053
737,30,25,15,28,106.427,114.902
738,30,25,19,30,114.377,130.985
739,30,25,27,12,147.934,170
740,30,25,5,6,51.7501,91.8461
741,30,25,12,25,89.5143,170
742,30,25,19,6,46.7926,76.7668
743,30,25,13,8,73.3507,88.2021
744,30,25,7,28,61.162,115.184
745,30,25,30,3,117.945,170
746,30,25,26,8,66.0807,80.5705
747,30,25,6,11,71.9521,122.116
748,30,25,10,21,116.661,152.139
749,30,25,18,19,73.149,105.65
750,30,25,23,24,44.6745,69.4906
751,30,26,1,28,95.8484,104.825
752,30,26,2,6,128.99,133.99
753,30,26,13,18,77.6571,83.4228
754,30,26,25,23,83.0701,98.9554
755,30,26,11,8,101.321,126.677
756,30,26,20,4,65.0155,117.504
757,30,26,25,22,133.746,155.507
758,30,26,2,7,114.497,170
759,30,26,25,20,78.6835,91.2771
760,30,26,16,29,149.367,170
761,30,26,18,8,141.116,147.808
762,30,26,5,25,77.397,98.6942
763,30,26,28,15,56.8317,72.1138
764,30,26,25,7,65.1063,83.774
765,30,26,14,24,131.63,166.767
766,30,26,9,2,91.6543,96.6543
767,30,26,10,5,117.884,133.682
768,30,26,29,16,68.9521,110.581
769,30,26,3,4,143.451,169.585
770,30,26,8,6,131.42,170
771,30,26,8,23,95.8949,110.743
772,30,26,25,17,104.264,117.015
773,30,26,19,30,79.0848,84.0848
774,30,26,29,16,57.608,73.065
775,30,26,9,11,77.0625,103
776,30,26,10,7,102.323,113.88
777,30,26,12,5,82.0305,87.0305
778,30,26,17,18,141.727,146.727
779,30,26,14,23,65.6749,129.318
780,30,26,10,18,84.4614,170
781,30,27,23,5,110.689,170
782,30,27,7,17,60.4897,70.7108
783,30,27,17,20,129.875,138.694
784,30,27,10,23,55.1111,103.046
785,30,27,21,29,61.3717,71.7993
786,30,27,11,26,65.978,83.7754
787,30,27,13,16,128.89,170
788,30,27,20,17,104.67,129.907
789,30,27,15,4,130.941,140.81
790,30,27,10,15,102.804,143.944
791,30,27,28,9,102.698,117.643
792,30,27,21,4,66.1427,91.0324
793,30,27,12,6,137.863,153.857
794,30,27,7,14,137.995,170
795,30,27,24,5,42.0769,125.74
796,30,27,20,22,68.2566,73.2566
797,30,27,21,25,129.342,154.847
798,30,27,17,13,133.527,138.527
799,30,27,29,12,138.969,151.536
800,30,27,21,6,101.09,108.286
801,30,27,9,5,102.275,147.178
802,30,27,12,14,51.7357,56.7357
803,30,27,9,18,84.8183,128.554
804,30,27,22,24,54.0546,137.316
805,30,27,17,9,146.18,155.415
806,30,27,4,9,138.567,147.452
807,30,27,25,4,92.1083,102.56
808,30,27,17,18,56.7944,80.9457
809,30,27,6,23,58.2008,63.2008
810,30,27,19,23,124.248,140.163
811,30,28,15,12,125.529,151.1
812,30,28,8,27,101.989,123.583
813,30,28,15,9,72.092,84.312
814,30,28,27,2,137.153,144.492
815,30,28,11,4,131.422,170
816,30,28,12,18,66.94,71.94
817,30,28,9,5,124.034,143.572
818,30,28,7,3,94.8429,100.031
819,30,28,6,10,73.1975,80.5692
820,30,28,3,22,56.241,78.3787
821,30,28,21,18,64.2792,90.6489
822,30,28,8,18,54.8889,83.8606
823,30,28,30,9,108.896,125.619
824,30,28,18,21,100.884,121.462
825,30,28,4,17,62.5238,69.9688
826,30,28,30,12,44.8589,49.8589
827,30,28,2,14,140.799,170
828,30,28,4,10,88.1023,105.152
829,30,28,26,19,134.486,139.486
830,30,28,4,6,70.7602,87.8823
831,30,28,11,16,108.656,115.152
832,30,28,29,11,109.208,149.895
833,30,28,29,5,90.5523,109.716
834,30,28,19,3,50.5012,71.6269
835,30,28,9,2,105.298,170
836,30,28,8,28,64.81,71.2417
837,30,28,25,3,102.187,124.13
838,30,28,17,3,81.8608,170
839,30,28,23,16,50.7273,63.6558
840,30,28,29,27,54.0358,105.441
841,30,29,7,19,140.369,148.899
842,30,29,10,8,143.489,170
843,30,29,13,27,124.31,140.366
844,30,29,14,12,109.194,136.951
845,30,29,17,8,91.4733,128.299
846,30,29,25,27,67.902,100.029
847,30,29,27,8,119.178,170
848,30,29,16,30,85.016,122.78
849,30,29,4,9,125.455,130.521
850,30,29,3,26,119.678,130.274
851,30,29,8,27,135.861,170
852,30,29,14,8,43.6346,77.3319
853,30,29,6,9,79.9272,97.3977
854,30,29,28,16,63.7719,170
855,30,29,28,29,82.9712,101.919
856,30,29,1,13,131.461,136.461
857,30,29,4,11,42.2556,111.106
858,30,29,8,13,42.6771,85.3323
859,30,29,26,21,130.004,170
860,30,29,6,23,40.4302,72.4884
861,30,29,27,17,115.037,141.094
862,30,29,8,12,56.6794,74.9893
863,30,29,22,16,96.2864,102.125
864,30,29,12,20,46.9478,51.9478
865,30,29,13,14,64.4159,92.2498
866,30,29,9,10,101.053,106.053
867,30,29,2,7,112.264,153.073
868,30,29,11,16,106.927,122.876
869,30,29,16,17,43.2532,68.4822
870,30,29,18,23,93.8227,102.881
871,30,30,29,26,45.2095,111.039
872,30,30,11,18,74.9886,170
873,30,30,12,16,66.5273,86.9823
874,30,30,1,22,81.2348,170
875,30,30,30,12,51.5242,68.3909
876,30,30,2,12,68.8645,78.6617
877,30,30,18,4,114.322,131.791
878,30,30,29,22,75.1886,86.1466
879,30,30,29,11,67.7115,72.7115
880,30,30,15,17,73.1155,78.1155
881,30,30,28,20,97.442,170
882,30,30,10,25,142.381,170
883,30,30,4,10,50.9594,69.1964
884,30,30,5,2,136.661,159.279
885,30,30,9,11,103.419,141.26
886,30,30,21,23,108.063,113.063
887,30,30,24,22,53.7125,58.7125
888,30,30,5,23,107.252,112.252
889,30,30,3,8,125.521,152.382
890,30,30,6,19,120.1,170
891,30,30,8,30,121.417,170
892,30,30,5,14,114.151,119.787
893,30,30,10,3,102.02,158.71
894,30,30,20,10,43.3943,71.5155
895,30,30,24,10,133.533,143.84
896,30,30,19,10,137.297,142.297
897,30,30,1,7,122.343,170
898,30,30,18,7,131.994,170
899,30,30,15,16,145.779,170
900,30,30,9,22,133.61,166.753
1201,40,31,30,13,43.447,57.8052
1202,40,31,33,20,143.941,170
1203,40,31,23,16,52.7232,58.5796
1204,40,31,2,5,86.091,149.808
1205,40,31,9,35,60.8178,73.0972
1206,40,31,30,40,111.201,141.34
1207,40,31,36,32,128.732,168.39
1208,40,31,5,13,75.328,80.328
1209,40,31,5,25,121.054,129.384
1210,40,31,23,26,126.589,170
1211,40,31,29,16,103.715,109.354
1212,40,31,23,8,57.5782,64.9156
1213,40,31,10,40,91.5245,138.541
1214,40,31,4,16,97.3467,111.767
1215,40,31,33,17,41.3109,47.1608
1216,40,31,25,7,147.686,170
1217,40,31,4,5,55.9822,96.5329
1218,40,31,21,39,146.86,158.746
1219,40,31,25,11,64.7406,170
1220,40,31,9,1,62.5442,72.7538
1221,40,31,2,8,131.8,141.649
1222,40,31,10,20,58.9876,67.615
1223,40,31,3,32,107.775,118.761
1224,40,31,11,31,74.0274,95.9786
1225,40,31,20,13,125.09,170
1226,40,31,36,3,46.4326,54.5262
1227,40,31,34,29,42.9577,50.6889
1228,40,31,23,16,75.9851,80.9851
1229,40,31,11,18,143.256,170
1230,40,31,40,35,67.7064,74.6553
1231,40,31,10,25,120.476,125.476
1232,40,31,12,7,48.1507,97.4364
1233,40,31,37,38,91.1037,145.209
1234,40,31,1,35,133.527,145.082
1235,40,31,17,21,50.955,55.955
1236,40,31,25,9,104.849,127.056
1237,40,31,18,27,85.4389,153.138
1238,40,31,4,31,41.1068,56.4985
1239,40,31,31,34,98.1648,109.193
1240,40,31,23,38,61.6742,68.9416
1241,40,32,27,14,71.9448,77.6494
1242,40,32,9,32,44.3901,90.9671
1243,40,32,33,2,56.6824,105.881
1244,40,32,8,29,130.159,165.234
1245,40,32,2,23,43.7476,81.9449
1246,40,32,19,34,124.143,141.261
1247,40,32,16,26,138.692,146.361
1248,40,32,33,14,72.9192,107.681
1249,40,32,32,35,45.6042,61.1911
1250,40,32,36,6,108.092,115.472
1251,40,32,6,19,123.513,154.484
1252,40,32,31,27,129.113,156.401
1253,40,32,34,18,128.671,170
1254,40,32,15,28,67.2613,82.2327
1255,40,32,27,38,69.7402,80.7256
1256,40,32,24,15,41.1592,165.324
1257,40,32,39,17,52.9493,89.2335
1258,40,32,28,10,100.629,106.606
1259,40,32,6,2,69.0875,133.576
1260,40,32,9,5,134.239,170
1261,40,32,8,7,56.6965,79.8243
1262,40,32,1,38,63.1486,101.871
1263,40,32,28,24,60.2839,71.6544
1264,40,32,11,37,128.351,158.033
1265,40,32,32,35,88.802,105.217
1266,40,32,23,24,75.027,101.501
1267,40,32,3,39,53.698,79.485
1268,40,32,5,13,112.63,117.63
1269,40,32,34,28,104.007,170
1270,40,32,14,34,104.084,116.421
1271,40,32,5,15,87.5885,170
1272,40,32,39,26,48.4138,170
1273,40,32,35,19,138.881,153.866
1274,40,32,12,8,115.254,122.103
1275,40,32,10,5,44.2116,49.2116
1276,40,32,23,7,89.1988,106.874
1277,40,32,16,20,115.292,120.292
1278,40,32,5,22,126.304,170
1279,40,32,25,1,100.041,170
1280,40,32,15,13,65.9218,137.316
1281,40,33,25,14,100.443,170
1282,40,33,26,4,54.8402,82.3531
1283,40,33,3,27,60.6409,79.5446
1284,40,33,15,12,64.2254,84.919
1285,40,33,34,11,136.677,141.677
1286,40,33,8,27,137.085,145.153
1287,40,33,37,19,148.65,170
1288,40,33,22,14,70.5104,81.7994
1289,40,33,20,5,80.1542,105.333
1290,40,33,10,26,89.5948,118.369
1291,40,33,24,22,143.31,148.31
1292,40,33,39,5,90.6477,170
1293,40,33,19,36,55.8166,156.486
1294,40,33,27,40,147.175,162.708
1295,40,33,22,19,98.1696,115.355
1296,40,33,28,23,44.633,52.3932
1297,40,33,20,33,49.9164,82.4665
1298,40,33,34,36,54.399,59.399
1299,40,33,9,26,73.4339,120.132
1300,40,33,11,2,95.9338,100.934
1301,40,33,36,12,91.5931,139.134
1302,40,33,10,25,67.309,75.2566
1303,40,33,25,5,122.793,134.553
1304,40,33,9,24,72.6745,112.797
1305,40,33,20,10,52.5148,117.91
1306,40,33,18,12,103.621,170
1307,40,33,21,4,64.4388,142.602
1308,40,33,9,23,149.274,170
1309,40,33,22,39,64.7569,69.7569
1310,40,33,4,15,140.462,159.372
1311,40,33,21,17,54.7008,115.492
1312,40,33,11,18,48.6769,55.4193
1313,40,33,3,14,76.6584,151.783
1314,40,33,9,37,96.9807,101.981
1315,40,33,14,40,147.468,153.189
1316,40,33,33,25,73.5489,87.2878
1317,40,33,15,36,145.145,153.116
1318,40,33,27,9,101.501,108.448
1319,40,33,19,10,101.918,129.871
1320,40,33,27,3,70.1694,100.201
1321,40,34,22,14,128.942,167.78
1322,40,34,2,16,65.2896,81.2386
1323,40,34,36,12,64.5995,69.5995
1324,40,34,39,21,108.293,119.306
1325,40,34,21,27,119.606,141.702
1326,40,34,12,38,40.0272,45.0272
1327,40,34,14,17,48.6097,54.4599
1328,40,34,15,10,68.1016,139.78
1329,40,34,6,7,114.704,154.068
1330,40,34,25,23,71.0978,76.0978
1331,40,34,23,2,53.1066,82.2588
1332,40,34,14,8,52.1827,67.0505
1333,40,34,12,4,92.9629,97.9629
1334,40,34,1,39,117.09,133.195
1335,40,34,31,16,126.599,151.608
1336,40,34,40,23,48.1069,65.4479
1337,40,34,30,28,46.8835,76.1132
1338,40,34,25,3,118.169,170
1339,40,34,13,6,77.7803,113.387
1340,40,34,12,38,57.6292,82.4504
1341,40,34,24,17,126.49,131.49
1342,40,34,19,12,71.47,108.374
1343,40,34,22,25,75.3022,87.4569
1344,40,34,7,10,126.998,170
1345,40,34,9,25,126.227,140.823
1346,40,34,12,40,132.216,143.723
1347,40,34,4,9,75.1791,86.2412
1348,40,34,4,3,75.9187,168.561
1349,40,34,15,33,135.507,146.38
1350,40,34,14,2,66.8393,94.1784
1351,40,34,27,1,131.813,170
1352,40,34,17,21,48.94,63.39
1353,40,34,6,2,124.436,143.832
1354,40,34,22,15,78.7077,163.217
1355,40,34,17,31,140.725,147.69
1356,40,34,16,5,57.8989,68.1584
1357,40,34,7,25,64.9973,79.6279
1358,40,34,38,39,76.6981,103.667
1359,40,34,6,33,103.794,113.31
1360,40,34,19,29,74.4171,87.6927
1361,40,35,19,15,47.4401,69.3846
1362,40,35,19,29,75.739,83.3621
1363,40,35,22,37,68.5587,111.074
1364,40,35,28,19,42.3604,47.3604
1365,40,35,20,28,102.536,170
1366,40,35,27,14,52.9691,102.009
1367,40,35,38,6,58.569,88.9348
1368,40,35,39,15,65.6928,88.7153
1369,40,35,34,25,149.254,170
1370,40,35,37,26,52.6008,70.373
1371,40,35,19,28,72.9042,77.9042
1372,40,35,16,2,123.718,167.957
1373,40,35,29,32,130.109,135.758
1374,40,35,10,24,87.0045,103.693
1375,40,35,11,22,45.0284,80.6519
1376,40,35,22,39,51.5808,83.0825
1377,40,35,23,12,43.8506,70.0907
1378,40,35,10,1,71.9382,108.902
1379,40,35,26,16,82.1266,109.654
1380,40,35,35,17,129.324,170
1381,40,35,22,14,51.3864,63.985
1382,40,35,40,11,75.6309,82.9138
1383,40,35,6,27,137.811,150.366
1384,40,35,36,19,71.3216,165.062
1385,40,35,39,4,89.9398,147.01
1386,40,35,28,37,50.8108,83.9207
1387,40,35,14,7,85.92,118.096
1388,40,35,23,26,112.563,170
1389,40,35,26,40,96.2574,116.03
1390,40,35,29,8,103.217,142.321
1391,40,35,25,24,98.9252,128.408
1392,40,35,24,34,49.2025,74.0516
1393,40,35,31,24,62.2136,67.2136
1394,40,35,34,10,60.4341,112.666
1395,40,35,23,36,133.982,142.245
1396,40,35,26,20,42.2489,49.391
1397,40,35,14,38,94.8504,118.054
1398,40,35,28,39,51.8951,168.226
1399,40,35,27,11,105.67,170
1400,40,35,8,7,78.6647,83.6647
1401,40,36,16,15,75.9379,87.1402
1402,40,36,35,1,86.189,91.189
1403,40,36,32,22,72.5172,88.8106
1404,40,36,34,2,86.4279,153.295
1405,40,36,12,16,85.4659,97.1409
1406,40,36,16,8,65.9105,93.8499
1407,40,36,18,39,68.5277,73.5277
1408,40,36,27,15,63.284,68.6318
1409,40,36,21,34,73.8043,78.8043
1410,40,36,11,7,144.104,170
1411,40,36,37,31,92.7012,120.139
1412,40,36,25,20,85.2522,91.3623
1413,40,36,14,10,57.2543,66.2273
1414,40,36,22,36,56.9185,74.201
1415,40,36,6,3,73.4578,125.655
1416,40,36,22,7,55.0541,114.288
1417,40,36,18,24,40.8177,64.3397
1418,40,36,17,11,135.708,160.462
1419,40,36,6,7,86.473,107.642
1420,40,36,31,21,91.0189,107.532
1421,40,36,28,15,86.2831,113.809
1422,40,36,27,39,79.7919,114.981
1423,40,36,27,36,90.3198,103.28
1424,40,36,22,16,125.645,130.645
1425,40,36,14,2,53.6526,66.5342
1426,40,36,17,26,79.4052,84.4052
1427,40,36,19,1,96.6602,101.66
1428,40,36,3,8,149.208,170
1429,40,36,20,35,57.0074,89.491
1430,40,36,16,2,139.595,170
1431,40,36,8,34,66.0374,87.1022
1432,40,36,27,1,49.4656,90.363
1433,40,36,19,30,109.991,134.56
1434,40,36,12,14,42.1611,79.2062
1435,40,36,14,9,127.238,136.859
1436,40,36,6,23,136.599,141.599
1437,40,36,3,21,124.703,159.956
1438,40,36,18,31,137.092,152.336
1439,40,36,15,23,107.546,132.889
1440,40,36,11,21,82.9123,127.656
1441,40,37,13,16,104.436,109.436
1442,40,37,12,13,96.6385,147.368
1443,40,37,2,7,76.4764,81.4764
1444,40,37,1,26,130.495,166.744
1445,40,37,5,4,68.3951,105.178
1446,40,37,5,2,78.8525,94.5267
1447,40,37,39,32,78.487,105.102
1448,40,37,4,16,60.8752,103.437
1449,40,37,27,9,108.354,117.058
1450,40,37,34,24,125.606,135.346
1451,40,37,38,15,112.499,117.499
1452,40,37,28,33,46.7872,71.7333
1453,40,37,8,38,94.4006,107.112
1454,40,37,24,34,136.833,154.722
1455,40,37,15,40,101.887,170
1456,40,37,35,21,58.5279,63.5279
1457,40,37,21,13,147.785,168.814
1458,40,37,39,24,89.4774,105.578
1459,40,37,25,26,90.8199,106.744
1460,40,37,17,27,52.7137,107.163
1461,40,37,27,33,121.18,170
1462,40,37,5,15,83.9529,90.5855
1463,40,37,13,7,42.8283,56.1995
1464,40,37,40,8,69.9682,76.9411
1465,40,37,14,29,127.365,170
1466,40,37,35,5,108,123.359
1467,40,37,31,24,107.401,122.211
1468,40,37,30,23,75.8529,135.937
1469,40,37,35,14,127.758,170
1470,40,37,4,3,65.9722,170
1471,40,37,7,32,143.15,157.649
1472,40,37,37,30,49.7287,127.492
1473,40,37,18,7,47.7688,52.7688
1474,40,37,23,30,133.887,160.898
1475,40,37,26,6,120.495,131.537
1476,40,37,4,26,120.948,125.948
1477,40,37,23,32,44.5562,100.261
1478,40,37,34,7,112.289,158.358
1479,40,37,35,3,109.423,117.498
1480,40,37,35,13,87.16,107.957
1481,40,38,10,16,132.935,170
1482,40,38,28,25,107.089,136.73
1483,40,38,12,32,80.4349,117.488
1484,40,38,7,9,64.5629,85.9777
1485,40,38,37,32,51.3248,56.3248
1486,40,38,25,35,91.7945,98.7878
1487,40,38,16,19,88.4463,93.4463
1488,40,38,14,4,58.4665,73.0728
1489,40,38,7,36,142.905,158.969
1490,40,38,37,38,107.109,140.916
1491,40,38,17,32,132.296,158.111
1492,40,38,6,2,118.322,170
1493,40,38,20,23,131.546,148.529
1494,40,38,5,6,106.748,125.256
1495,40,38,23,35,130.317,135.317
1496,40,38,7,21,62.0018,73.4003
1497,40,38,31,8,144.752,163.48
1498,40,38,30,31,43.247,52.6394
1499,40,38,29,7,95.1663,106.629
1500,40,38,18,24,124.409,134.423
1501,40,38,15,38,46.077,51.077
1502,40,38,14,2,88.1139,121.681
1503,40,38,10,28,105.337,119.125
1504,40,38,38,34,124.292,135.716
1505,40,38,2,4,91.0776,102.337
1506,40,38,30,33,136.595,170
1507,40,38,13,29,118.141,158.448
1508,40,38,26,3,112.497,166.598
1509,40,38,29,8,88.5079,93.5079
1510,40,38,13,30,102.35,107.35
1511,40,38,14,15,110.262,119.377
1512,40,38,3,33,49.9912,54.9912
1513,40,38,21,35,95.5464,126.37
1514,40,38,36,8,115.614,135.118
1515,40,38,29,37,113.752,126.286
1516,40,38,27,6,105.298,170
1517,40,38,15,21,74.4088,170
1518,40,38,6,36,87.4863,94.3217
1519,40,38,9,31,111.299,170
1520,40,38,37,16,91.407,99.0582
1521,40,39,7,16,51.4332,83.5563
1522,40,39,5,37,117.538,134.918
1523,40,39,21,17,84.3935,98.2856
1524,40,39,14,32,108.63,120.164
1525,40,39,30,20,144.255,165.516
1526,40,39,24,29,104.736,170
1527,40,39,40,19,98.4051,121.686
1528,40,39,33,16,56.0582,170
1529,40,39,23,24,67.4549,93.2926
1530,40,39,11,27,88.6123,93.6123
1531,40,39,10,40,42.0934,47.0934
1532,40,39,10,35,79.8567,93.1563
1533,40,39,8,24,58.6927,80.6574
1534,40,39,17,32,76.6617,95.8027
1535,40,39,29,26,48.7459,57.2017
1536,40,39,20,30,65.4757,87.9473
1537,40,39,3,19,141.719,158.311
1538,40,39,38,2,107.017,112.017
1539,40,39,27,21,99.5126,107.091
1540,40,39,20,32,86.1039,121.988
1541,40,39,3,20,80.9736,96.6001
1542,40,39,29,2,92.2743,98.2704
1543,40,39,9,22,57.8465,72.0572
1544,40,39,20,7,68.6153,85.2672
1545,40,39,19,36,54.7898,100.004
1546,40,39,21,31,55.189,60.189
1547,40,39,34,24,128.882,133.882
1548,40,39,23,36,149.142,170
1549,40,39,2,21,49.2578,57.1034
1550,40,39,17,22,138.727,148.702
1551,40,39,39,23,77.3735,82.3735
1552,40,39,35,21,50.2543,61.8174
1553,40,39,24,9,143.323,150.016
1554,40,39,26,25,97.3414,110.846
1555,40,39,29,10,107.008,121.112
1556,40,39,26,32,89.6485,150.378
1557,40,39,10,9,104.262,110.284
1558,40,39,26,7,62.6828,89.4344
1559,40,39,19,18,113.175,136.117
1560,40,39,18,23,95.6546,170
1561,40,40,4,17,79.931,97.8698
1562,40,40,22,10,127.987,136.688
1563,40,40,31,2,88.3527,170
1564,40,40,20,16,42.6979,47.6979
1565,40,40,22,9,127.184,170
1566,40,40,13,22,117.678,162.712
1567,40,40,20,12,108.364,170
1568,40,40,21,17,53.6494,81.7173
1569,40,40,10,34,102.005,142.432
1570,40,40,25,7,70.1153,91.2828
1571,40,40,28,3,61.8905,86.167
1572,40,40,19,13,41.3911,81.6244
1573,40,40,33,2,95.8384,123.781
1574,40,40,29,5,46.5763,66.3629
1575,40,40,24,8,77.1753,91.2794
1576,40,40,20,38,68.949,109.162
1577,40,40,38,31,138.686,153.283
1578,40,40,5,12,60.7868,146.732
1579,40,40,7,13,103.859,108.859
1580,40,40,17,36,47.7987,52.7987
1581,40,40,8,21,115.87,148.552
1582,40,40,17,30,96.4353,128.464
1583,40,40,30,31,120.355,134.994
1584,40,40,7,5,122.939,145.926
1585,40,40,33,34,128.503,138.223
1586,40,40,10,19,83.7839,103.563
1587,40,40,39,19,139.622,158.715
1588,40,40,4,18,75.787,120.628
1589,40,40,36,17,120.008,135.776
1590,40,40,4,15,65.1051,81.1008
1591,40,40,22,33,44.4857,170
1592,40,40,38,27,50.5174,71.3603
1593,40,40,12,16,81.1011,119.837
1594,40,40,4,29,79.0678,87.5754
1595,40,40,20,24,100.264,116.025
1596,40,40,6,34,73.9985,120.836
1597,40,40,39,32,134.115,146.331
1598,40,40,15,39,147.88,170
1599,40,40,8,30,115.051,121.753
1600,40,40,21,37,99.9023,130.76
2001,50,41,34,23,41.977,102.172
2002,50,41,8,43,94.4704,128.82
2003,50,41,39,10,121.881,131.859
2004,50,41,40,15,114.801,119.801
2005,50,41,16,26,118.703,136.218
2006,50,41,28,1,129.592,166.972
2007,50,41,40,48,85.6548,105.686
2008,50,41,43,42,133.873,148.97
2009,50,41,43,40,98.3037,152.009
2010,50,41,14,19,112.515,126.26
2011,50,41,46,45,85.8638,102.738
2012,50,41,41,6,109.765,114.765
2013,50,41,28,44,147.041,170
2014,50,41,44,40,131.115,136.115
2015,50,41,38,4,126.978,162.087
2016,50,41,32,33,131.46,144.938
2017,50,41,49,24,132.941,144.81
2018,50,41,9,24,85.7685,90.7685
2019,50,41,34,26,89.2316,133.502
2020,50,41,2,12,47.0905,122.001
2021,50,41,9,21,47.1169,76.5539
2022,50,41,5,21,54.743,131.221
2023,50,41,3,19,90.9195,103.856
2024,50,41,38,4,69.6807,162.042
2025,50,41,2,47,129.624,170
2026,50,41,29,49,93.7013,125.678
2027,50,41,40,37,95.7614,170
2028,50,41,35,45,46.8651,52.5558
2029,50,41,46,15,120.233,145.863
2030,50,41,29,37,110.905,127.336
2031,50,41,40,24,45.759,116.185
2032,50,41,35,27,126.901,136.865
2033,50,41,15,30,47.8168,102.198
2034,50,41,10,31,102.181,139.33
2035,50,41,16,45,108.891,121.55
2036,50,41,43,27,100.805,114.914
2037,50,41,27,20,141.879,146.879
2038,50,41,34,36,84.9392,89.9392
2039,50,41,16,47,85.9429,92.3236
2040,50,41,47,20,54.4025,68.563
2041,50,41,42,22,133.321,170
2042,50,41,17,41,136.679,141.679
2043,50,41,42,36,103.848,111.896
2044,50,41,22,6,125.639,170
2045,50,41,37,49,75.6517,80.6517
2046,50,41,29,24,83.6308,131.622
2047,50,41,17,47,144.669,156.307
2048,50,41,44,2,90.7557,146.438
2049,50,41,29,47,129.514,146.357
2050,50,41,15,39,111.354,119.769
2051,50,42,26,29,133.245,170
2052,50,42,29,22,42.1402,101.716
2053,50,42,47,45,51.439,100.952
2054,50,42,15,19,95.1618,170
2055,50,42,40,21,120.623,140
2056,50,42,35,13,64.7039,94.9031
2057,50,42,36,39,54.5731,85.2014
2058,50,42,27,30,98.6019,144.261
2059,50,42,8,19,145.335,166.054
2060,50,42,9,27,135.747,140.747
2061,50,42,44,24,44.0555,55.7117
2062,50,42,13,14,92.6862,113.098
2063,50,42,17,36,138.92,154.337
2064,50,42,14,10,68.9467,170
2065,50,42,21,49,121.05,126.05
2066,50,42,4,26,45.1537,86.4311
2067,50,42,3,11,113.745,170
2068,50,42,39,12,70.7871,170
2069,50,42,2,3,138.725,143.725
2070,50,42,26,21,87.507,148.365
2071,50,42,46,29,133.144,144.247
2072,50,42,42,47,63.1508,75.1737
2073,50,42,48,6,70.6979,139.955
2074,50,42,21,12,59.673,65.421
2075,50,42,14,9,54.0048,143.018
2076,50,42,43,48,84.2797,96.7679
2077,50,42,25,4,89.0731,110.987
2078,50,42,21,32,57.7644,95.8233
2079,50,42,20,34,89.995,105.266
2080,50,42,19,21,131.415,158.631
2081,50,42,43,1,123.704,130.187
2082,50,42,50,39,131.703,141.923
2083,50,42,31,47,117.763,170
2084,50,42,7,49,103.697,108.697
2085,50,42,33,26,132.035,141.934
2086,50,42,20,35,129.118,138.378
2087,50,42,44,33,53.145,64.967
2088,50,42,15,23,43.1089,112.793
2089,50,42,39,40,89.7469,95.4047
2090,50,42,44,5,137.925,147.23
2091,50,42,9,12,98.036,154.377
2092,50,42,5,43,144.403,159.157
2093,50,42,33,20,67.844,102.832
2094,50,42,36,18,68.7035,77.4776
2095,50,42,3,13,119.448,152.938
2096,50,42,29,16,76.6462,104.466
2097,50,42,46,25,69.4172,136.962
2098,50,42,22,11,59.7987,84.2117
2099,50,42,44,38,107.551,170
2100,50,42,50,13,139.923,170
2101,50,43,23,36,114.513,143.784
2102,50,43,36,9,99.81,104.81
2103,50,43,1,47,90.9969,104.664
2104,50,43,48,29,75.5231,136.157
2105,50,43,27,5,122.543,143.906
2106,50,43,48,29,109.816,134.225
2107,50,43,37,21,133.491,170
2108,50,43,18,30,63.3302,70.0545
2109,50,43,46,13,82.3671,87.755
2110,50,43,39,48,48.9787,95.083
2111,50,43,2,22,112.247,119.459
2112,50,43,37,32,75.6073,132.519
2113,50,43,44,33,130.798,135.798
2114,50,43,26,43,116.779,170
2115,50,43,9,24,115.123,131.213
2116,50,43,21,10,68.8476,74.2809
2117,50,43,23,34,94.5482,125.852
2118,50,43,14,31,55.8057,128.962
2119,50,43,23,2,78.2182,89.4372
2120,50,43,39,43,127.924,170
2121,50,43,48,32,109.171,170
2122,50,43,38,21,71.5593,108.258
2123,50,43,31,24,50.477,70.3097
2124,50,43,7,9,49.6652,63.1464
2125,50,43,39,27,88.3863,93.3863
2126,50,43,49,19,74.8576,170
2127,50,43,46,9,82.3841,87.3841
2128,50,43,15,14,68.6632,79.2594
2129,50,43,45,48,59.7566,67.3419
2130,50,43,11,32,41.9251,86.141
2131,50,43,48,18,91.6498,109.667
2132,50,43,1,25,136.506,146.984
2133,50,43,36,48,77.7101,130.663
2134,50,43,2,14,105.214,117.776
2135,50,43,47,3,45.1788,52.5512
2136,50,43,23,24,47.43,52.517
2137,50,43,14,50,74.4101,96.2361
2138,50,43,5,30,111.278,157.325
2139,50,43,14,48,93.5502,98.5502
2140,50,43,30,10,111.447,116.574
2141,50,43,45,38,62.7517,128.841
2142,50,43,1,32,42.1273,75.687
2143,50,43,18,50,141.84,147.59
2144,50,43,45,34,121.768,147.882
2145,50,43,34,38,53.2443,65.8155
2146,50,43,27,3,69.6616,85.5285
2147,50,43,42,35,104.165,125.005
2148,50,43,26,48,138.842,148.28
2149,50,43,36,15,85.588,102.209
2150,50,43,37,24,58.4933,80.1654
2151,50,44,18,43,95.7803,116.686
2152,50,44,49,42,47.4803,56.4102
2153,50,44,6,16,130.555,170
2154,50,44,27,11,55.8838,97.7073
2155,50,44,32,45,124.462,147.952
2156,50,44,32,18,44.9277,64.4865
2157,50,44,36,8,102.41,170
2158,50,44,6,24,138.059,164.595
2159,50,44,22,49,129.399,170
2160,50,44,2,37,72.2108,93.6121
2161,50,44,30,35,70.439,75.439
2162,50,44,10,20,58.5284,66.7291
2163,50,44,20,2,122.677,158.377
2164,50,44,34,41,54.6113,103.419
2165,50,44,49,20,109.196,152.184
2166,50,44,14,16,92.5422,116.573
2167,50,44,10,36,75.3517,87.1281
2168,50,44,15,17,40.8242,96.4087
2169,50,44,33,42,127.712,152.748
2170,50,44,37,7,58.3411,102.445
2171,50,44,45,18,85.1989,116.26
2172,50,44,1,30,79.9678,84.9678
2173,50,44,11,21,140.255,145.255
2174,50,44,41,17,149.657,170
2175,50,44,29,7,122.767,127.767
2176,50,44,19,34,65.436,99.3911
2177,50,44,23,50,75.6952,105.813
2178,50,44,14,4,79.5625,135.216
2179,50,44,29,19,139.518,144.518
2180,50,44,15,2,62.435,149.766
2181,50,44,49,27,59.5947,96.5942
2182,50,44,7,10,141.309,152.046
2183,50,44,31,22,147.656,170
2184,50,44,6,23,106.73,137.525
2185,50,44,22,38,68.3222,73.3643
2186,50,44,15,13,75.7426,80.7426
2187,50,44,27,7,95.6753,132.616
2188,50,44,24,15,69.4471,102.44
2189,50,44,30,14,97.3536,102.354
2190,50,44,22,21,84.9681,89.9681
2191,50,44,3,46,137.467,170
2192,50,44,7,43,49.8508,145.023
2193,50,44,47,31,105.837,135.469
2194,50,44,7,6,64.8323,136.709
2195,50,44,42,33,97.0407,170
2196,50,44,5,50,62.677,70.0191
2197,50,44,21,5,138.913,143.913
2198,50,44,41,1,107.885,170
2199,50,44,35,9,63.6248,134.835
2200,50,44,11,3,87.0628,92.4985
2201,50,45,13,49,77.0478,91.4185
2202,50,45,13,24,105.15,122.46
2203,50,45,12,34,60.1134,77.988
2204,50,45,6,43,146.245,170
2205,50,45,37,34,126.382,152.161
2206,50,45,17,7,90.0395,105.424
2207,50,45,34,44,71.3284,76.3284
2208,50,45,43,17,102.787,170
2209,50,45,49,36,66.4305,85.0789
2210,50,45,14,27,95.4429,103.483
2211,50,45,8,48,138.631,170
2212,50,45,33,8,41.45,68.6093
2213,50,45,10,21,114.557,127.904
2214,50,45,7,47,102.443,139.69
2215,50,45,31,44,103.268,108.268
2216,50,45,10,37,116.236,170
2217,50,45,48,44,56.1551,160.159
2218,50,45,20,39,135.843,170
2219,50,45,11,28,67.2053,118.623
2220,50,45,26,24,98.7576,137.045
2221,50,45,38,42,61.2258,73.199
2222,50,45,21,20,88.3762,108.554
2223,50,45,10,29,120.034,148.837
2224,50,45,26,14,139.65,170
2225,50,45,26,6,47.148,53.2819
2226,50,45,19,38,56.0138,69.5191
2227,50,45,3,30,69.0068,75.9862
2228,50,45,44,33,90.4618,106.925
2229,50,45,44,30,109.28,164.181
2230,50,45,43,26,82.9449,87.9449
2231,50,45,6,12,137.54,170
2232,50,45,18,23,146.111,157.111
2233,50,45,8,17,107.603,159.193
2234,50,45,44,47,108.247,170
2235,50,45,29,10,91.4661,96.4661
2236,50,45,3,20,104.055,170
2237,50,45,50,30,116.941,170
2238,50,45,26,25,137.616,161.543
2239,50,45,13,49,101.157,106.157
2240,50,45,13,50,58.4901,129.16
2241,50,45,47,5,102.182,170
2242,50,45,35,23,57.5749,67.2513
2243,50,45,45,14,69.833,74.833
2244,50,45,18,11,117.897,127.312
2245,50,45,31,26,140.837,170
2246,50,45,24,32,55.6924,170
2247,50,45,17,24,63.6614,97.8426
2248,50,45,3,45,76.9271,109.587
2249,50,45,2,5,41.6616,58.0622
2250,50,45,35,33,115.632,161.641
2251,50,46,8,6,58.316,67.3239
2252,50,46,26,7,52.8204,81.7985
2253,50,46,18,3,99.6713,170
2254,50,46,35,25,126.606,148.678
2255,50,46,42,24,128.301,156.559
2256,50,46,2,46,135.152,146.872
2257,50,46,33,31,40.2466,50.2281
2258,50,46,31,11,67.5164,82.4667
2259,50,46,26,22,113.462,118.462
2260,50,46,27,16,118.675,170
2261,50,46,36,12,96.8225,154.988
2262,50,46,6,46,134.371,170
2263,50,46,18,41,106.436,170
2264,50,46,4,23,40.2753,69.1986
2265,50,46,26,41,97.3413,117.351
2266,50,46,23,5,139.93,153.079
2267,50,46,17,10,146.959,170
2268,50,46,40,22,120.862,157.402
2269,50,46,14,30,116.699,121.699
2270,50,46,48,44,139.175,170
2271,50,46,45,7,147.253,170
2272,50,46,6,13,96.7847,156.894
2273,50,46,16,49,99.8123,106.516
2274,50,46,20,36,129.642,170
2275,50,46,48,44,81.5294,90.2712
2276,50,46,41,4,46.5917,51.5917
2277,50,46,43,7,62.3178,103.762
2278,50,46,46,34,101.361,170
2279,50,46,23,18,79.0421,111.769
2280,50,46,9,34,103.455,115.362
2281,50,46,46,35,105.485,114.348
2282,50,46,43,26,40.9132,52.1786
2283,50,46,15,14,67.5504,118.481
2284,50,46,19,13,109.763,119.359
2285,50,46,43,19,114.609,170
2286,50,46,44,45,132.367,170
2287,50,46,37,22,138.206,143.206
2288,50,46,12,25,95.7854,112.759
2289,50,46,4,20,104.96,109.96
2290,50,46,48,39,142.012,170
2291,50,46,27,44,66.8968,71.8968
2292,50,46,8,21,65.299,89.9634
2293,50,46,29,24,143.829,168.918
2294,50,46,30,46,60.9612,88.2272
2295,50,46,48,21,74.6333,86.1561
2296,50,46,30,44,48.7078,96.5447
2297,50,46,5,18,98.4095,108.515
2298,50,46,46,20,45.9701,60.1392
2299,50,46,13,32,129.699,170
2300,50,46,5,9,144.202,161.359
2301,50,47,2,13,149.584,154.584
2302,50,47,21,40,110.49,158.824
2303,50,47,7,24,139.229,161.999
2304,50,47,48,14,106.967,122.558
2305,50,47,37,35,130.221,161.18
2306,50,47,31,17,70.2638,78.7194
2307,50,47,19,5,119.165,136.327
2308,50,47,2,8,142.245,170
2309,50,47,40,6,50.494,93.4904
2310,50,47,14,25,141.907,170
2311,50,47,29,34,55.0143,96.3488
2312,50,47,26,10,117.292,129.811
2313,50,47,38,50,98.3145,130.071
2314,50,47,2,14,88.1076,110.522
2315,50,47,50,14,91.4137,145.115
2316,50,47,22,3,53.6241,94.0768
2317,50,47,25,46,127.762,139.446
2318,50,47,49,3,105.881,136.09
2319,50,47,12,5,56.1919,69.6025
2320,50,47,27,3,69.5912,98.8195
2321,50,47,4,20,123.281,156.059
2322,50,47,38,33,105.193,114.777
2323,50,47,45,19,79.5908,121.251
2324,50,47,12,35,119.634,124.634
2325,50,47,38,8,115.91,127.508
2326,50,47,10,1,147.17,170
2327,50,47,24,2,55.6289,67.3226
2328,50,47,42,13,112.26,136.024
2329,50,47,25,21,48.8037,68.9199
2330,50,47,14,6,123.964,144.893
2331,50,47,34,20,73.4308,95.0127
2332,50,47,29,35,45.7156,57.2481
2333,50,47,36,30,137.497,170
2334,50,47,10,17,111.28,136.834
2335,50,47,33,17,137.753,170
2336,50,47,37,10,50.6794,85.3137
2337,50,47,47,19,49.4714,60.7998
2338,50,47,11,50,53.9551,65.2882
2339,50,47,45,40,108.764,113.764
2340,50,47,49,22,115.534,150.287
2341,50,47,18,14,141.612,146.612
2342,50,47,21,28,73.0225,129.016
2343,50,47,41,38,107.826,112.826
2344,50,47,28,15,114.026,170
2345,50,47,22,11,118.43,170
2346,50,47,42,13,41.7231,69.4645
2347,50,47,7,41,133.157,170
2348,50,47,39,34,125.013,130.013
2349,50,47,42,30,107.736,123.918
2350,50,47,6,33,62.7717,67.7717
2351,50,48,47,19,130.851,170
2352,50,48,4,23,58.1599,170
2353,50,48,30,40,68.7872,73.7872
2354,50,48,43,39,87.3279,97.5922
2355,50,48,24,3,132.14,166.069
2356,50,48,4,22,115.376,120.887
2357,50,48,48,30,88.0837,114.706
2358,50,48,45,6,106.974,113.587
2359,50,48,45,29,97.5263,114.239
2360,50,48,38,2,55.1394,69.3616
2361,50,48,22,42,123.206,153.823
2362,50,48,29,2,100.213,136.092
2363,50,48,26,34,90.1934,101.605
2364,50,48,23,4,135.939,153.008
2365,50,48,3,13,85.4866,92.6391
2366,50,48,33,44,77.3186,82.4996
2367,50,48,25,34,108.565,170
2368,50,48,16,28,90.8992,115.883
2369,50,48,45,18,105.686,134.274
2370,50,48,9,31,110.008,135.562
2371,50,48,45,47,99.3078,112.178
2372,50,48,11,46,113.601,145.012
2373,50,48,21,27,59.3692,71.5498
2374,50,48,49,5,109.626,121.765
2375,50,48,17,31,40.2912,55.0463
2376,50,48,12,23,137.748,152.306
2377,50,48,12,13,48.9405,108.8
2378,50,48,29,14,123.159,128.159
2379,50,48,18,16,128.565,139.83
2380,50,48,3,16,144.474,170
2381,50,48,44,43,41.3762,85.482
2382,50,48,44,42,50.5185,62.3207
2383,50,48,47,15,97.4438,147.096
2384,50,48,20,7,112.797,170
2385,50,48,15,1,50.8968,111.923
2386,50,48,25,23,78.9915,104.674
2387,50,48,16,30,70.7366,91.8757
2388,50,48,26,8,122.124,128.711
2389,50,48,37,10,112.568,117.568
2390,50,48,50,6,89.0562,114.828
2391,50,48,10,35,106.327,111.327
2392,50,48,34,35,80.7466,86.0819
2393,50,48,2,1,71.8219,92.9662
2394,50,48,27,35,57.0894,67.1588
2395,50,48,46,1,52.226,81.7106
2396,50,48,5,33,144.739,160.553
2397,50,48,10,14,57.9051,76.6811
2398,50,48,32,49,94.0555,138.126
2399,50,48,22,29,85.7725,154.372
2400,50,48,3,7,91.3412,128.004
2401,50,49,42,26,112.119,170
2402,50,49,17,5,115.83,122.339
2403,50,49,35,8,108.345,136.968
2404,50,49,22,21,67.6892,73.4315
2405,50,49,8,43,134.06,170
2406,50,49,6,13,50.4875,55.4875
2407,50,49,29,40,57.0019,97.5184
2408,50,49,44,42,71.7019,98.0239
2409,50,49,6,31,144.558,149.558
2410,50,49,15,35,78.3715,83.3715
2411,50,49,20,2,81.3977,104.135
2412,50,49,25,10,83.1344,88.1344
2413,50,49,42,49,82.0729,170
2414,50,49,20,3,73.7716,86.3049
2415,50,49,23,33,79.5589,104.08
2416,50,49,39,42,101.013,124.576
2417,50,49,46,13,89.3689,120.32
2418,50,49,30,3,75.9183,96.4531
2419,50,49,37,29,45.1791,105.999
2420,50,49,49,36,40.4253,62.7053
2421,50,49,17,14,75.3353,80.3353
2422,50,49,38,20,122.01,127.01
2423,50,49,16,38,149.148,170
2424,50,49,14,24,99.6183,121.66
2425,50,49,49,14,74.6726,92.9567
2426,50,49,8,27,128.326,133.326
2427,50,49,17,23,42.2515,59.5412
2428,50,49,4,21,134.058,167.492
2429,50,49,41,45,98.3269,103.327
2430,50,49,7,15,54.9839,112.193
2431,50,49,22,50,119.322,124.322
2432,50,49,50,18,55.3208,67.3951
2433,50,49,50,4,57.3902,106.424
2434,50,49,28,14,114.313,121.209
2435,50,49,41,24,74.0408,123.244
2436,50,49,40,13,107.304,126.101
2437,50,49,14,24,92.0024,127.815
2438,50,49,1,18,80.2933,85.2933
2439,50,49,30,9,116.371,121.371
2440,50,49,39,28,62.5783,81.4478
2441,50,49,5,1,71.0424,76.8797
2442,50,49,42,2,88.4706,106.283
2443,50,49,15,47,145.818,170
2444,50,49,4,14,110.154,138.618
2445,50,49,40,25,96.0229,106.533
2446,50,49,2,20,137.754,145.056
2447,50,49,37,18,92.6531,97.6531
2448,50,49,13,12,63.0985,82.8872
2449,50,49,27,26,63.8093,79.7743
2450,50,49,32,1,119.911,133.144
2451,50,50,36,33,93.3868,133.992
2452,50,50,31,38,63.5,77.6489
2453,50,50,41,27,147.904,153.592
2454,50,50,1,3,48.05,53.05
2455,50,50,13,32,135.98,170
2456,50,50,41,2,95.6,170
2457,50,50,36,27,135.92,170
2458,50,50,17,31,146.43,170
2459,50,50,24,32,81.5897,120.391
2460,50,50,15,27,101.603,149.132
2461,50,50,18,48,149.59,166.092
2462,50,50,29,50,66.0555,83.621
2463,50,50,43,35,73.9518,102.225
2464,50,50,30,34,121.603,130.198
2465,50,50,43,34,73.6318,144.157
2466,50,50,32,9,124.707,170
2467,50,50,42,33,70.1723,81.7644
2468,50,50,26,6,60.9369,77.5983
2469,50,50,19,17,94.6724,99.7256
2470,50,50,45,36,80.8418,100.171
2471,50,50,15,29,51.3622,85.9614
2472,50,50,26,5,130.418,147.435
2473,50,50,29,23,128.926,147.811
2474,50,50,37,17,89.6105,126.538
2475,50,50,33,43,109.053,131.338
2476,50,50,31,20,118.904,157.257
2477,50,50,11,44,145.563,170
2478,50,50,12,15,144.957,153.616
2479,50,50,47,48,68.0891,147.545
2480,50,50,42,1,75.4938,80.4938
2481,50,50,13,8,87.267,98.7151
2482,50,50,30,36,60.1231,72.472
2483,50,50,27,49,127.337,170
2484,50,50,11,32,115.83,136.923
2485,50,50,6,3,97.1847,137.93
2486,50,50,11,17,135.616,148.817
2487,50,50,27,29,113.268,170
2488,50,50,50,8,148.462,170
2489,50,50,23,20,120.174,170
2490,50,50,26,2,146.1,159.362
2491,50,50,49,44,145.757,153.182
2492,50,50,28,11,96.1941,135.76
2493,50,50,24,25,109.815,127.473
2494,50,50,30,24,53.2182,137.848
2495,50,50,21,44,139.819,170
2496,50,50,11,30,130.769,170
2497,50,50,28,14,127.401,158.421
2498,50,50,26,19,142.141,148.688
2499,50,50,6,31,41.8466,109.222
2500,50,50,35,10,148.481,170
10001,20,501,2,5,62.8852,106.106
10002,20,501,15,1,100.85,109.001
10003,20,501,15,10,79.4097,94.067
10004,20,501,8,5,117.07,149.057
10005,20,501,5,9,97.0231,128.268
10006,20,501,3,12,106.407,127.69
10007,20,501,19,7,102.55,109.143
10008,20,501,5,11,126.834,170
10009,20,501,14,3,62.1947,94.8407
10010,20,501,6,12,134.954,146.832
10011,20,501,8,2,133.095,150.268
10012,20,501,15,14,82.4146,89.9496
10013,20,501,5,10,110.622,136.712
10014,20,501,5,6,102.345,132.698
10015,20,501,2,1,109.652,116.688
10016,20,501,16,10,44.5012,60.0668
10017,20,501,12,20,69.0459,88.9411
10018,20,501,12,20,82.1723,121.103
10019,20,501,13,8,41.3999,150.847
10020,20,501,20,3,106.101,170
10021,20,502,19,18,114.747,153.807
10022,20,502,17,15,70.013,75.013
10023,20,502,6,20,46.1151,105.141
10024,20,502,4,16,73.7508,78.7508
10025,20,502,5,2,101.747,111.746
10026,20,502,5,13,124.763,138.718
10027,20,502,1,14,113.873,149.758
10028,20,502,10,19,113.614,119.615
10029,20,502,19,4,78.9255,92.0162
10030,20,502,15,5,105.722,146.664
10031,20,502,4,9,63.241,80.5597
10032,20,502,8,5,42.1004,62.4635
10033,20,502,19,1,124.815,153.138
10034,20,502,1,9,53.5069,89.7603
10035,20,502,7,1,44.5809,67.9737
10036,20,502,5,9,125.089,136.094
10037,20,502,10,1,134.753,139.753
10038,20,502,8,14,85.5496,123.176
10039,20,502,16,17,77.8501,101.368
10040,20,502,10,2,87.5701,121.993
10041,20,503,15,11,56.6093,92.0156
10042,20,503,18,9,149.176,170
10043,20,503,18,10,122.82,136.524
10044,20,503,4,8,140.432,159.095
10045,20,503,17,19,106.472,170
10046,20,503,19,3,143.119,151.188
10047,20,503,17,12,125.195,133.066
10048,20,503,15,17,100.394,119.584
10049,20,503,16,6,95.6563,100.656
10050,20,503,8,13,76.4904,82.9952
10051,20,503,3,1,103.387,120.852
10052,20,503,1,12,111.786,155.029
10053,20,503,15,12,139.008,169.743
10054,20,503,17,12,114.67,158.275
10055,20,503,13,20,89.5107,151.629
10056,20,503,18,19,95.6769,102.724
10057,20,503,8,2,90.4595,129.508
10058,20,503,7,19,88.9276,125.306
10059,20,503,8,1,114.3,119.3
10060,20,503,14,4,69.0394,87.7591
10061,20,504,12,4,108.471,140.622
10062,20,504,20,3,118.34,146.132
10063,20,504,9,20,89.5259,144.573
10064,20,504,19,20,97.1122,154.137
10065,20,504,13,12,111.197,133.425
10066,20,504,10,16,51.4752,56.4752
10067,20,504,5,13,136.517,170
10068,20,504,20,18,87.1745,130.461
10069,20,504,11,13,112.387,148.677
10070,20,504,7,2,47.2587,75.7014
10071,20,504,11,7,143.533,161.145
10072,20,504,18,8,71.4713,76.4713
10073,20,504,16,1,43.2011,76.5584
10074,20,504,10,15,65.8319,119.197
10075,20,504,19,5,134.44,142.637
10076,20,504,11,5,66.2648,71.2648
10077,20,504,11,8,46.1657,59.8305
10078,20,504,6,3,92.3049,127.484
10079,20,504,6,4,40.7499,72.1992
10080,20,504,20,5,50.5087,58.9736
10081,20,505,8,18,50.3335,79.5466
10082,20,505,2,16,87.5033,103.012
10083,20,505,1,9,56.2313,69.0099
10084,20,505,11,12,53.7929,63.2629
10085,20,505,8,20,115.922,121.141
10086,20,505,3,13,69.8312,149.956
10087,20,505,11,3,147.84,157.046
10088,20,505,3,5,73.9545,78.9545
10089,20,505,6,9,129.118,144.052
10090,20,505,19,18,128.027,133.027
10091,20,505,14,20,73.6788,91.4392
10092,20,505,13,14,141.157,153.509
10093,20,505,12,9,57.394,93.6257
10094,20,505,5,18,126.994,170
10095,20,505,13,19,69.3696,94.7931
10096,20,505,17,18,146.853,170
10097,20,505,17,3,111.873,170
10098,20,505,5,4,95.6828,129.709
10099,20,505,5,10,77.1995,84.6111
10100,20,505,13,10,141.978,170
10101,20,506,5,11,102.196,128.734
10102,20,506,3,10,56.6668,63.4846
10103,20,506,13,19,132.937,170
10104,20,506,2,4,120.474,152.667
10105,20,506,3,8,120.646,163.868
10106,20,506,16,10,88.1872,135.684
10107,20,506,17,13,49.162,92.5573
10108,20,506,6,11,60.7351,75.028
10109,20,506,2,5,145.849,150.849
10110,20,506,11,14,98.7954,118.441
10111,20,506,17,14,113.825,131.734
10112,20,506,8,1,100.842,128.951
10113,20,506,7,17,71.5869,110.998
10114,20,506,19,1,78.1568,170
10115,20,506,1,12,114.299,170
10116,20,506,8,18,117.44,170
10117,20,506,6,14,67.5793,95.7499
10118,20,506,5,17,99.0601,131.976
10119,20,506,15,3,113.65,155.912
10120,20,506,14,4,123.447,168.378
10121,20,507,2,4,44.0577,68.1396
10122,20,507,5,4,135.83,170
10123,20,507,4,9,99.6421,111.524
10124,20,507,14,16,77.1544,82.1544
10125,20,507,18,16,125.371,140.675
10126,20,507,9,6,106.544,138.781
10127,20,507,3,4,60.4848,71.0884
10128,20,507,9,17,47.5152,80.7967
10129,20,507,18,1,52.5803,93.0189
10130,20,507,3,10,69.5637,138.069
10131,20,507,20,7,43.9703,62.0289
10132,20,507,2,8,60.5275,123.845
10133,20,507,3,6,85.7799,128.747
10134,20,507,14,4,139.319,144.319
10135,20,507,8,6,49.2285,58.6327
10136,20,507,20,17,88.0279,134.241
10137,20,507,16,6,133.286,141.795
10138,20,507,6,10,102.437,134.283
10139,20,507,20,1,40.0993,51.8896
10140,20,507,18,4,104.916,129.41
10141,20,508,6,18,95.9197,117.732
10142,20,508,16,19,104.993,149.052
10143,20,508,5,7,66.3476,114.74
10144,20,508,12,4,143.835,162.631
10145,20,508,1,3,130.095,135.095
10146,20,508,9,14,124.9,147.072
10147,20,508,12,4,71.807,119.804
10148,20,508,14,16,144.295,170
10149,20,508,15,6,69.3111,86.2096
10150,20,508,3,1,40.3321,53.184
10151,20,508,17,14,84.1166,102.325
10152,20,508,18,14,130.213,136.25
10153,20,508,8,7,99.9728,146.976
10154,20,508,16,19,90.4811,95.4811
10155,20,508,12,16,94.1576,121.76
10156,20,508,5,18,58.6158,93.5578
10157,20,508,7,2,88.9929,146.333
10158,20,508,6,19,105.815,136.626
10159,20,508,2,3,76.5495,135.883
10160,20,508,15,9,86.3855,98.8351
10161,20,509,15,11,147.782,167.483
10162,20,509,8,12,74.1565,99.4331
10163,20,509,7,9,143.053,154.064
10164,20,509,16,19,100.516,158.017
10165,20,509,7,12,134.82,165.429
10166,20,509,14,20,143.256,157.904
10167,20,509,15,4,83.1297,95.1987
10168,20,509,15,10,131.075,141.16
10169,20,509,9,12,86.042,91.042
10170,20,509,7,2,121.1,164.679
10171,20,509,6,14,124.262,142.622
10172,20,509,12,1,89.8984,107.994
10173,20,509,14,3,114.165,165.832
10174,20,509,3,10,41.6439,47.9106
10175,20,509,4,13,139.087,170
10176,20,509,4,15,139.204,165.972
10177,20,509,14,10,44.6991,64.9037
10178,20,509,7,15,109.193,139.005
10179,20,509,11,17,112.999,129.918
10180,20,509,6,2,67.8548,72.8548
10181,20,510,11,4,89.6439,107.374
10182,20,510,9,5,43.32,57.1346
10183,20,510,11,19,109.758,155.305
10184,20,510,20,8,57.1965,66.7635
10185,20,510,17,2,139.544,149.227
10186,20,510,14,7,51.6118,60.2502
10187,20,510,16,1,94.4519,147.888
10188,20,510,8,18,117.855,143.646
10189,20,510,17,5,102.773,148.027
10190,20,510,8,19,91.8687,99.1849
10191,20,510,7,9,54.4081,72.9194
10192,20,510,11,7,49.5836,88.16
10193,20,510,13,9,128.358,170
10194,20,510,6,18,102.806,111.574
10195,20,510,14,12,74.0165,84.6788
10196,20,510,2,16,109.792,130.143
10197,20,510,8,3,110.406,115.406
10198,20,510,15,8,112.571,141.415
10199,20,510,1,16,149.449,170
10200,20,510,14,10,49.3241,110.569
37501,50,751,34,38,52.0635,113.886
37502,50,751,18,49,120.168,142.574
37503,50,751,17,13,48.1065,86.562
37504,50,751,44,25,141.107,152.037
37505,50,751,49,19,51.6103,56.6103
37506,50,751,46,15,149.103,170
37507,50,751,47,34,127.718,149.912
37508,50,751,1,23,61.183,147.021
37509,50,751,3,38,50.8718,67.1822
37510,50,751,12,42,107.277,131.261
37511,50,751,38,29,102.035,170
37512,50,751,32,44,83.7457,124.375
37513,50,751,46,34,101.151,130.297
37514,50,751,40,11,101.881,111.879
37515,50,751,15,49,98.5428,163.211
37516,50,751,40,34,124.291,136.262
37517,50,751,33,15,143.381,148.493
37518,50,751,39,50,119.069,124.069
37519,50,751,7,31,139.576,145.742
37520,50,751,20,30,143.041,170
37521,50,751,7,37,76.4575,122.772
37522,50,751,21,40,84.6716,112.675
37523,50,751,8,47,143.669,155.597
37524,50,751,4,39,114.148,147.968
37525,50,751,23,36,120.18,156.479
37526,50,751,22,7,114.137,128.316
37527,50,751,48,5,76.7496,85.9053
37528,50,751,36,18,85.2547,170
37529,50,751,42,29,101.092,140.414
37530,50,751,50,25,42.9161,70.3144
37531,50,751,37,41,56.9441,91.8731
37532,50,751,29,43,126.646,167.033
37533,50,751,20,46,100,170
37534,50,751,45,13,78.9623,109.984
37535,50,751,11,5,40.9059,130.038
37536,50,751,34,13,72.553,142.296
37537,50,751,41,42,60.2741,79.9106
37538,50,751,37,1,85.1045,132.023
37539,50,751,20,19,146.417,170
37540,50,751,29,9,65.0224,141.536
37541,50,751,20,14,51.0729,134.269
37542,50,751,46,47,120.634,126.402
37543,50,751,15,38,61.209,121.167
37544,50,751,36,33,71.3359,88.4363
37545,50,751,45,19,41.0776,70.5327
37546,50,751,21,29,74.5496,106.102
37547,50,751,8,33,65.7635,70.7635
37548,50,751,8,26,111.158,120.213
37549,50,751,23,25,45.7294,104.964
37550,50,751,38,26,45.7709,55.6053
37551,50,752,28,45,143.331,170
37552,50,752,23,32,67.8381,104.678
37553,50,752,23,7,87.6644,97.5345
37554,50,752,4,9,121.468,127.782
37555,50,752,31,4,53.5294,58.5294
37556,50,752,46,20,84.2152,107.28
37557,50,752,39,17,96.636,130.393
37558,50,752,29,24,135.911,149.388
37559,50,752,25,32,97.9035,102.904
37560,50,752,16,42,130.509,140.178
37561,50,752,5,32,60.2263,114.248
37562,50,752,4,3,66.6667,71.6667
37563,50,752,6,38,93.0302,103.088
37564,50,752,25,9,149.713,156.073
37565,50,752,35,23,92.6151,101.78
37566,50,752,28,45,147.986,170
37567,50,752,44,42,124.185,170
37568,50,752,21,26,104.087,170
37569,50,752,43,38,79.0693,96.4487
37570,50,752,14,27,73.4578,116.763
37571,50,752,24,12,52.485,71.566
37572,50,752,41,47,93.0801,170
37573,50,752,50,14,123.448,170
37574,50,752,16,42,104.14,163.927
37575,50,752,15,7,44.5618,88.6059
37576,50,752,27,2,104.715,109.715
37577,50,752,45,26,70.0606,118.987
37578,50,752,22,16,96.154,118.466
37579,50,752,38,41,70.8539,95.1353
37580,50,752,17,16,63.426,107.965
37581,50,752,5,37,134.89,170
37582,50,752,29,5,131.449,170
37583,50,752,9,16,59.9466,131.594
37584,50,752,11,2,80.4786,166.976
37585,50,752,7,24,64.0498,129.086
37586,50,752,48,35,100.865,148.057
37587,50,752,44,48,81.5393,114.938
37588,50,752,29,19,43.2736,76.8272
37589,50,752,47,20,40.2202,74.4942
37590,50,752,17,21,148.544,170
37591,50,752,45,38,125.789,170
37592,50,752,46,28,128.358,146.829
37593,50,752,39,48,135.205,148.148
37594,50,752,19,43,124.4,167.483
37595,50,752,3,44,84.8739,95.3682
37596,50,752,49,20,67.565,85.8852
37597,50,752,40,11,100.512,134.851
37598,50,752,24,16,80.2014,165.035
37599,50,752,26,18,133.766,147.887
37600,50,752,44,38,74.341,142.831
37601,50,753,23,1,124.599,154.44
37602,50,753,46,14,125.508,170
37603,50,753,29,50,127.222,170
37604,50,753,2,40,101.829,106.829
37605,50,753,10,48,55.4491,60.9998
37606,50,753,16,43,129.327,147.738
37607,50,753,44,7,65.5542,118.372
37608,50,753,26,11,100.64,142.011
37609,50,753,6,10,144.935,170
37610,50,753,37,21,43.7413,146.824
37611,50,753,44,5,128.418,167.318
37612,50,753,28,20,49.5878,69.6398
37613,50,753,12,23,84.909,159.014
37614,50,753,22,14,87.5452,92.5452
37615,50,753,36,19,86.688,114.901
37616,50,753,30,11,61.6796,66.6796
37617,50,753,7,25,104.988,124.472
37618,50,753,44,7,89.1063,154.945
37619,50,753,45,6,128.563,164.053
37620,50,753,7,11,113.875,151.502
37621,50,753,46,48,138.512,143.557
37622,50,753,4,39,101.489,116.351
37623,50,753,36,2,103.226,121.795
37624,50,753,23,44,94.1323,99.1323
37625,50,753,10,15,78.9427,133.456
37626,50,753,42,26,95.293,132.816
37627,50,753,5,26,63.3723,77.629
37628,50,753,16,37,107.053,112.053
37629,50,753,41,11,40.6155,54.9252
37630,50,753,32,20,83.9359,170
37631,50,753,45,35,102.835,110.87
37632,50,753,45,41,136.252,170
37633,50,753,41,14,129.894,170
37634,50,753,37,46,81.9954,91.7026
37635,50,753,43,12,87.1932,139.04
37636,50,753,14,9,129.178,163.642
37637,50,753,28,22,102.805,162.38
37638,50,753,8,45,111.443,135.783
37639,50,753,18,20,44.0236,76.4986
37640,50,753,12,49,122.066,158.467
37641,50,753,22,31,90.5036,95.5036
37642,50,753,30,38,136.082,170
37643,50,753,41,2,99.2017,148.027
37644,50,753,9,10,67.4648,72.4648
37645,50,753,41,8,128.67,170
37646,50,753,18,8,60.5804,69.7503
37647,50,753,33,22,135.26,145.436
37648,50,753,13,22,49.2438,81.0795
37649,50,753,9,5,111.803,170
37650,50,753,48,23,102.91,126.821
37651,50,754,18,8,105.867,127.203
37652,50,754,9,47,73.1782,78.1782
37653,50,754,35,19,56.7803,70.3255
37654,50,754,31,22,82.1897,160.262
37655,50,754,15,38,57.3687,64.1568
37656,50,754,1,32,64.439,78.8222
37657,50,754,4,43,144.473,170
37658,50,754,47,14,65.3686,70.8596
37659,50,754,11,33,81.967,96.482
37660,50,754,19,50,66.9735,102.39
37661,50,754,8,22,86.6098,115.503
37662,50,754,42,1,142.509,170
37663,50,754,41,20,76.7879,102.726
37664,50,754,29,37,135.377,170
37665,50,754,50,47,80.7603,170
37666,50,754,5,24,85.3735,107.283
37667,50,754,36,19,85.7916,90.8291
37668,50,754,19,47,74.1249,125.417
37669,50,754,2,14,68.0565,156.498
37670,50,754,4,25,44.2914,77.1465
37671,50,754,14,16,114.539,163.766
37672,50,754,29,45,109.897,153.499
37673,50,754,46,25,83.0053,88.0053
37674,50,754,29,33,84.1246,93.6355
37675,50,754,36,28,113.324,170
37676,50,754,37,27,85.8709,101.128
37677,50,754,46,9,56.6833,132.263
37678,50,754,27,6,117.953,149.399
37679,50,754,17,15,120.377,127.216
37680,50,754,32,22,104.446,109.514
37681,50,754,15,24,70.7803,91.1065
37682,50,754,23,3,141.054,170
37683,50,754,12,27,89.8405,158.993
37684,50,754,16,8,83.5117,109.256
37685,50,754,7,33,110.337,153.054
37686,50,754,37,4,47.4898,73.0462
37687,50,754,43,21,124.07,129.07
37688,50,754,45,19,69.6124,86.9139
37689,50,754,19,17,47.827,78.6048
37690,50,754,14,3,95.5885,122.573
37691,50,754,8,23,55.2186,60.2186
37692,50,754,9,21,143.806,148.806
37693,50,754,24,5,63.198,73.4528
37694,50,754,28,21,120.529,138.478
37695,50,754,48,40,62.4665,90.1047
37696,50,754,41,42,53.5958,58.5958
37697,50,754,46,45,60.0077,119.18
37698,50,754,19,15,128.287,142.008
37699,50,754,21,3,89.8403,103.759
37700,50,754,24,27,131.48,138.198
37701,50,755,13,14,87.1343,101.851
37702,50,755,23,30,130.848,140.82
37703,50,755,41,37,96.3388,162.131
37704,50,755,10,4,62.551,112.43
37705,50,755,20,28,59.2884,67.367
37706,50,755,36,21,109.551,120.384
37707,50,755,41,30,113.391,118.84
37708,50,755,2,48,140.097,164.291
37709,50,755,9,33,128.999,133.999
37710,50,755,12,50,90.2056,106.442
37711,50,755,50,32,44.8016,66.2046
37712,50,755,24,46,125.43,133.391
37713,50,755,28,11,68.6668,76.9844
37714,50,755,3,17,73.2092,137.083
37715,50,755,7,38,74.8332,87.068
37716,50,755,19,39,109.068,170
37717,50,755,31,35,66.5951,114.682
37718,50,755,50,14,59.1434,100.682
37719,50,755,33,32,117.55,125.557
37720,50,755,43,42,84.7084,113.448
37721,50,755,36,9,90.5664,110.788
37722,50,755,37,39,118.305,124.06
37723,50,755,15,6,62.7837,89.8956
37724,50,755,42,49,74.1168,92.5634
37725,50,755,47,44,147.705,170
37726,50,755,12,46,76.4493,81.4493
37727,50,755,12,47,49.9943,70.4009
37728,50,755,46,6,128.851,136.623
37729,50,755,39,43,90.1387,170
37730,50,755,13,14,124.956,136.972
37731,50,755,3,29,148.726,170
37732,50,755,11,38,145.856,170
37733,50,755,13,33,49.7869,117.766
37734,50,755,19,29,85.0285,147.569
37735,50,755,6,24,133.48,169.208
37736,50,755,3,44,75.8019,94.4985
37737,50,755,40,15,145.335,155.104
37738,50,755,21,29,137.782,149.386
37739,50,755,39,16,51.6304,80.8015
37740,50,755,48,44,69.1106,88.9397
37741,50,755,29,24,129.934,134.934
37742,50,755,16,13,41.5295,54.3133
37743,50,755,37,18,137.194,170
37744,50,755,47,32,63.5936,108.734
37745,50,755,16,38,106.263,115.778
37746,50,755,8,11,46.6112,102.21
37747,50,755,17,19,94.7557,113.626
37748,50,755,46,34,97.3298,102.33
37749,50,755,7,20,67.8771,125.335
37750,50,755,42,48,50.0493,101.353
37751,50,756,7,21,68.4019,77.6989
37752,50,756,36,13,78.5183,97.2133
37753,50,756,46,6,135.897,153.631
37754,50,756,39,36,42.9118,78.5165
37755,50,756,25,17,61.2081,70.635
37756,50,756,20,10,44.6633,52.3216
37757,50,756,40,17,82.3095,93.8227
37758,50,756,39,42,104.826,170
37759,50,756,36,19,66.0304,100.413
37760,50,756,25,40,113.438,118.438
37761,50,756,28,45,112.993,128.407
37762,50,756,46,34,108.352,135.061
37763,50,756,36,31,60.5457,122.383
37764,50,756,19,44,121.041,167.671
37765,50,756,18,48,68.9056,103.201
37766,50,756,14,27,132.762,144.42
37767,50,756,44,15,47.3985,66.7629
37768,50,756,2,43,44.162,78.3515
37769,50,756,3,45,57.0431,77.1369
37770,50,756,12,33,125.125,150.245
37771,50,756,5,14,66.5939,72.3485
37772,50,756,29,14,126.713,150.675
37773,50,756,4,34,42.5622,48.4445
37774,50,756,2,1,64.1091,95.3391
37775,50,756,15,8,72.0858,77.0858
37776,50,756,46,5,67.0272,106.947
37777,50,756,15,8,43.306,48.306
37778,50,756,35,16,139.751,170
37779,50,756,13,10,59.9009,111.35
37780,50,756,4,11,145.466,166.542
37781,50,756,32,26,116.671,121.671
37782,50,756,19,12,40.6587,84.7804
37783,50,756,48,42,119.734,170
37784,50,756,50,46,86.5454,93.543
37785,50,756,15,23,46.6244,76.6859
37786,50,756,34,4,104.115,117.232
37787,50,756,8,18,56.6011,75.5986
37788,50,756,40,37,95.9507,102.769
37789,50,756,15,47,55.4337,83.0803
37790,50,756,36,9,42.6326,56.6883
37791,50,756,25,31,94.6487,100.69
37792,50,756,5,49,49.2536,79.226
37793,50,756,31,23,101.191,108.978
37794,50,756,44,1,116.658,121.658
37795,50,756,37,16,40.0592,111.901
37796,50,756,40,27,149.627,170
37797,50,756,21,30,129.504,134.504
37798,50,756,20,42,66.3728,109.246
37799,50,756,39,48,45.9139,59.6312
37800,50,756,36,18,78.6194,97.6919
37801,50,757,2,28,49.6695,54.6695
37802,50,757,50,45,136.188,167.233
37803,50,757,2,24,65.4547,170
37804,50,757,7,18,133.273,159.246
37805,50,757,49,31,63.1278,73.9667
37806,50,757,3,5,89.7751,94.7751
37807,50,757,35,39,51.2278,70.3499
37808,50,757,6,27,69.5547,82.8931
37809,50,757,29,13,113.062,125.883
37810,50,757,9,37,136.67,170
37811,50,757,22,6,71.1851,81.609
37812,50,757,50,19,91.2728,170
37813,50,757,21,44,52.4252,75.4651
37814,50,757,8,34,58.8738,94.6221
37815,50,757,16,29,62.9785,67.9785
37816,50,757,44,8,46.456,83.3306
37817,50,757,22,6,138.202,143.202
37818,50,757,8,5,139.181,167.472
37819,50,757,23,22,106.537,147.193
37820,50,757,20,30,55.542,77.4334
37821,50,757,39,25,42.6209,95.0714
37822,50,757,11,20,135.122,170
37823,50,757,4,43,132.341,170
37824,50,757,23,11,54.1014,108.066
37825,50,757,15,33,106.467,111.467
37826,50,757,19,31,57.6056,73.9793
37827,50,757,25,19,146.617,170
37828,50,757,26,25,40.6501,53.7126
37829,50,757,9,38,139.663,170
37830,50,757,23,45,55.9755,90.0927
37831,50,757,36,11,84.6165,95.1636
37832,50,757,1,28,45.461,90.389
37833,50,757,12,34,79.6803,145.441
37834,50,757,27,21,88.0616,109.319
37835,50,757,2,5,69.7678,95.066
37836,50,757,33,24,132.427,140.841
37837,50,757,34,1,77.8663,110.261
37838,50,757,22,1,54.1198,59.1198
37839,50,757,29,14,59.2377,85.4334
37840,50,757,15,27,126.155,135.371
37841,50,757,20,26,59.3643,67.0044
37842,50,757,30,47,56.9777,131.5
37843,50,757,14,44,65.1869,99.539
37844,50,757,36,5,59.7224,78.5446
37845,50,757,17,35,83.8561,109.781
37846,50,757,50,14,142.642,160.905
37847,50,757,15,33,54.2519,85.4141
37848,50,757,13,22,145.415,164.665
37849,50,757,17,33,133.951,170
37850,50,757,46,16,107.189,112.189
37851,50,758,47,34,140.938,170
37852,50,758,14,28,83.8584,136.265
37853,50,758,8,43,105.013,127.618
37854,50,758,47,50,113.634,132.326
37855,50,758,36,46,65.0475,77.3682
37856,50,758,40,38,134.887,139.887
37857,50,758,37,40,130.147,159.489
37858,50,758,14,29,144.283,170
37859,50,758,39,42,50.0938,168.458
37860,50,758,50,19,49.9015,74.5591
37861,50,758,34,22,139.377,145.523
37862,50,758,42,10,74.1938,86.4361
37863,50,758,2,19,44.304,50.9762
37864,50,758,50,47,106.705,134.486
37865,50,758,39,18,57.0508,72.7055
37866,50,758,3,4,70.15,75.15
37867,50,758,18,24,119.005,166.784
37868,50,758,8,50,124.2,147.564
37869,50,758,41,20,46.0303,170
37870,50,758,48,14,95.9591,114.935
37871,50,758,45,25,128.648,150.056
37872,50,758,12,14,143.53,155.723
37873,50,758,32,38,112.119,123.316
37874,50,758,20,6,44.0936,49.0936
37875,50,758,2,38,140.848,147.905
37876,50,758,16,25,48.1835,53.1835
37877,50,758,22,29,139.928,145.982
37878,50,758,15,35,51.5488,120.33
37879,50,758,12,42,109.424,128.414
37880,50,758,36,6,76.4854,134.194
37881,50,758,40,19,52.5619,76.7569
37882,50,758,36,10,50.2639,96.0203
37883,50,758,20,10,149.627,170
37884,50,758,42,29,89.5785,138.972
37885,50,758,46,30,92.9118,114.1
37886,50,758,14,50,50.7393,55.7393
37887,50,758,45,48,99.1315,156.356
37888,50,758,11,32,122.289,170
37889,50,758,14,48,63.0411,87.8529
37890,50,758,19,49,99.6767,104.727
37891,50,758,27,48,134.079,143.408
37892,50,758,39,40,64.7012,72.7061
37893,50,758,7,37,139.183,144.692
37894,50,758,17,28,112.787,160.137
37895,50,758,34,5,127.652,136.219
37896,50,758,38,6,135.657,144.785
37897,50,758,46,19,89,97.7148
37898,50,758,24,38,114.458,120.657
37899,50,758,26,27,111.988,125.505
37900,50,758,46,15,135.758,170
37901,50,759,11,41,122.205,170
37902,50,759,11,27,141.528,146.528
37903,50,759,32,14,144.571,149.571
37904,50,759,36,26,93.9951,106.834
37905,50,759,27,41,66.9665,80.8458
37906,50,759,26,25,69.9994,165.937
37907,50,759,23,36,99.0648,144.027
37908,50,759,28,2,109.012,114.397
37909,50,759,8,16,97.1261,128.307
37910,50,759,35,13,73.1336,83.2184
37911,50,759,47,12,97.5685,102.569
37912,50,759,39,15,57.1149,92.3935
37913,50,759,24,10,146.183,170
37914,50,759,28,16,44.5377,66.0288
37915,50,759,43,50,51.1237,93.0575
37916,50,759,4,48,93.8445,115.319
37917,50,759,29,30,99.8088,119.055
37918,50,759,33,10,109.218,128.352
37919,50,759,4,10,95.5236,105.493
37920,50,759,30,17,136.376,152.695
37921,50,759,39,15,104.675,111.157
37922,50,759,15,3,41.9387,79.0245
37923,50,759,9,21,91.8975,151.274
37924,50,759,2,30,144.086,152.417
37925,50,759,34,20,65.229,74.9786
37926,50,759,40,1,148.761,170
37927,50,759,44,26,133.24,170
37928,50,759,8,5,62.4481,81.9384
37929,50,759,3,36,79.1864,89.6087
37930,50,759,16,27,96.9953,101.995
37931,50,759,34,19,130.507,170
37932,50,759,20,44,55.0662,101.675
37933,50,759,45,5,109.574,170
37934,50,759,34,13,91.0947,96.0947
37935,50,759,49,36,116.055,133.63
37936,50,759,13,4,79.0513,170
37937,50,759,29,38,120.397,125.397
37938,50,759,23,22,80.4586,131.586
37939,50,759,19,13,66.8444,90.333
37940,50,759,32,10,73.1987,78.1987
37941,50,759,11,28,98.7944,109.912
37942,50,759,44,31,72.4253,94.3828
37943,50,759,41,21,103.18,132.278
37944,50,759,25,28,55.8512,60.8729
37945,50,759,46,32,61.4487,126.441
37946,50,759,39,11,128.673,133.673
37947,50,759,12,8,123.748,170
37948,50,759,42,26,83.5012,144.021
37949,50,759,14,20,90.0248,145.806
37950,50,759,45,25,54.3277,69.2354
37951,50,760,36,48,103.473,144.914
37952,50,760,41,44,89.1985,96.6674
37953,50,760,20,30,74.1292,102.551
37954,50,760,5,14,74.3559,82.2989
37955,50,760,46,26,68.8862,84.4097
37956,50,760,10,16,115.111,170
37957,50,760,34,13,67.9831,147.425
37958,50,760,40,17,73.7403,97.7355
37959,50,760,43,15,144.158,155.376
37960,50,760,25,48,96.3657,170
37961,50,760,40,48,55.7603,138.208
37962,50,760,38,35,40.036,45.036
37963,50,760,18,8,138.062,158.459
37964,50,760,32,50,92.3694,108.664
37965,50,760,11,38,45.196,50.196
37966,50,760,42,32,117.539,170
37967,50,760,42,34,80.6122,85.6122
37968,50,760,13,7,94.237,109.663
37969,50,760,29,46,145.017,168.095
37970,50,760,35,45,66.7926,80.672
37971,50,760,34,36,80.7028,136.768
37972,50,760,45,14,50.3466,55.3466
37973,50,760,10,43,71.676,89.336
37974,50,760,39,11,134.078,150.946
37975,50,760,38,17,99.6104,112.319
37976,50,760,36,44,139.34,156.874
37977,50,760,29,1,126.551,137.164
37978,50,760,45,4,73.3474,78.3474
37979,50,760,11,25,48.948,53.948
37980,50,760,18,50,117.505,125.579
37981,50,760,48,13,98.4521,103.452
37982,50,760,2,8,59.8686,107.355
37983,50,760,41,29,69.5206,132.233
37984,50,760,34,12,92.6116,109.967
37985,50,760,27,37,139.199,153.549
37986,50,760,45,47,107.364,170
37987,50,760,31,28,141.662,150.97
37988,50,760,32,26,148.628,170
37989,50,760,12,49,70.6478,92.8694
37990,50,760,1,39,46.7208,116.708
37991,50,760,29,15,63.5094,76.529
37992,50,760,23,31,80.1494,129.012
37993,50,760,34,1,67.1753,72.1753
37994,50,760,40,5,108.916,128.637
37995,50,760,31,44,105.245,129.549
37996,50,760,35,36,121.688,170
37997,50,760,21,8,48.4955,65.4288
37998,50,760,29,35,52.5436,78.5754
37999,50,760,13,6,68.0616,81.3803
38000,50,760,5,12,82.8977,87.8977
