10,1,88.0715,1173.92,0.0033729
10,2,73.8252,1382.96,0.033866
10,3,90.7261,1486.49,0.00289546
10,4,87.6416,1370.56,0.0826512
10,5,87.2832,1331.58,0.00269432
10,6,80.6799,1176.31,0.00341757
10,7,86.4519,1284.53,0.0106777
10,8,60.2566,1149.34,0.00759706
10,9,85.3689,1475.27,0.00246961
10,10,78.5809,1484.82,0.00607319
10,101,81.1102,1449.35,0.00368895
10,102,65.6371,1228.76,0.0104787
10,103,85.0962,1375.18,0.0447423
10,104,82.3456,1422.02,0.00730754
10,105,58.3113,852.71,0.00655159
10,106,75.835,1249.27,0.00532045
10,107,84.0722,1173.51,0.00629445
10,108,91.0747,1457.98,0.0218013
10,109,68.7704,1136.04,0.00224924
10,110,66.9947,1179.92,0.00292181
20,11,68.2165,2294.71,0.174312
20,12,72.3955,2515.51,0.00514017
20,13,66.2739,2327.35,0.05268
20,14,44.5097,2001.27,0.0371844
20,15,62.8143,2155.93,0.011246
20,16,79.4827,2335.15,0.0625338
20,17,60.0229,2278.85,0.016606
20,18,50.7187,1946.06,0.031424
20,19,53.7918,2113.36,0.00832363
20,20,79.6162,2375.79,0.0393975
20,201,73.4147,2416.24,0.0756738
20,202,44.528,2045.35,0.0724082
20,203,67.5914,2186.71,0.0113224
20,204,43.3311,1892.66,0.00474036
20,205,66.9291,2419.69,0.113674
20,206,76.4966,2112.69,0.00493665
20,207,26.5784,1538.77,0.0654718
20,208,46.6983,1942.85,0.00802556
20,209,73.6983,2375.94,0.0748115
20,210,81.1615,2105.85,0.0411724
30,21,52.1233,2767.83,0.0647299
30,22,54.0104,2692.43,0.0500713
30,23,60.1723,3134.19,0.0248846
30,24,59.8771,3213.46,0.0553015
30,25,47.6104,2735.61,0.0170041
30,26,79.7403,3880.38,0.067767
30,27,47.6827,2225,0.0615139
30,28,74.0365,3391,0.0403249
30,29,64.771,3307.07,0.0556503
30,30,57.9879,2767.6,0.0669882
30,301,58.9296,2770.86,0.0566599
30,302,40.0245,2973.56,0.0396408
30,303,68.2066,3007.25,0.0149031
30,304,55.2485,2476.04,0.0453359
30,305,63.8842,3621.67,0.0439477
30,306,38.9098,1817.72,0.285626
30,307,55.6202,2746.71,0.130925
30,308,77.2736,3597.13,0.0295194
30,309,46.7511,2896.28,0.122954
30,310,50.02,3111.16,0.0317132
40,31,62.6782,3994.25,0.103432
40,32,64.3165,4284.6,0.0479623
40,33,51.743,3593.35,0.0144699
40,34,61.1039,4240.48,0.0557402
40,35,67.5813,4027.84,0.012132
40,36,48.1483,3382.29,0.108334
40,37,47.0171,3076.89,0.0461355
40,38,59.281,4232.69,0.0811934
40,39,51.1387,4054.6,0.0593306
40,40,36.2879,3260.97,0.175617
40,401,55.7241,3842.24,0.0900548
40,402,55.6236,3653.18,0.0487562
40,403,57.2454,4458.78,0.024053
40,404,56.6933,3831.45,0.043122
40,405,40.4902,3691.69,0.0179486
40,406,68.2649,4072.65,0.0131115
40,407,66.0825,4034.65,0.0291987
40,408,45.1296,3640.19,0.0620456
40,409,49.7353,3457.66,0.0496537
40,410,45.2271,4149.82,0.0423452
50,41,47.6342,4031.78,0.0389654
50,42,60.0108,5232.81,0.0489656
50,43,44.4908,4137.7,0.0911999
50,44,58.9053,5243.09,0.0330657
50,45,65.2628,5673.03,0.0495491
50,46,54.0584,4498.4,0.0396477
50,47,48.9932,5143.21,0.0436487
50,48,42.6599,3563.82,0.0400009
50,49,37.0678,3473.64,0.070236
50,50,44.4485,4111.6,0.128545
50,501,42.8163,3962.95,0.124824
50,502,40.8689,3702.08,0.0494298
50,503,38.1946,3608.29,0.0430495
50,504,52.0191,5037.46,0.0891161
50,505,56.3626,4641.99,0.0425136
50,506,45.5307,4523.56,0.097019
50,507,39.5402,4121.05,0.0865719
50,508,45.8626,4916.62,0.0472189
50,509,47.6339,4621.56,0.0419479
50,510,45.0651,4249.22,0.050807
20,1001,74.992,2615.51,0.00430568
20,1002,56.3533,1804.77,0.00559973
20,1003,64.6324,2603.1,0.0360414
20,1004,76.083,2428.3,0.00315972
20,1005,66.3823,2580.82,0.02286
40,1006,59.2486,4391.22,0.0504313
40,1007,53.5536,3730.91,0.00642691
40,1008,43.0265,2797.4,0.0303149
40,1009,53.9694,3952.47,0.0249795
40,1010,73.0535,4840.73,0.057958
20,1001,7.30954,644.565,0.341242
20,1002,5.21071,294.633,0.00161437
20,1003,4.70755,332.387,0.468979
10,1001,1.07618,509.099,0.182416
10,1002,9.9026,294.632,0.00163007
10,1003,0,0,0
10,1004,0,0,0
10,1005,0,0,0
10,1001,1.07618,509.099,0.182416
10,1002,9.9026,294.632,0.00163007
10,1003,0,0,0
10,1004,0,0,0
10,1005,0,0,0
10,1001,24.0768,445.875,0.316987
10,1002,10.1461,459.427,0.00163261
10,1003,18.9332,384.285,0.330239
10,1004,15.493,326.756,0.0243309
10,1005,22.0897,426.194,0.1471
20,1006,4.55024,657.97,0.0798048
20,1007,18.1283,685.458,0.251577
20,1008,11.8048,564.899,0.303176
20,1009,13.3647,900.631,0.018165
20,1010,15.2883,642.871,0.157308
10,1001,22.7685,625.473,0.263139
10,1002,10.1732,367.656,0.032945
10,1003,0,0,0
10,1004,15.1624,660.003,0.0683812
10,1005,19.9587,893.565,0.3963
10,1001,72.2515,1290.89,0.115546
10,1002,23.6336,555.422,0.0236718
10,1003,12.0093,512.413,0.236639
10,1004,57.5666,829.816,0.335289
10,1001,94.0494,1397.8,0.0216393
10,1002,41.9643,859.729,0.0746392
10,1003,60.4108,1072.38,0.0410383
10,1004,60.1366,908.958,0.162732
10,1005,57.1641,796.598,0.0163762
20,1006,37.7646,1646.62,0.0443975
20,1007,61.2467,2041.33,0.0337305
20,1008,37.2153,1346.83,0.0286682
20,1009,49.8222,2182.64,0.0433138
20,1010,54.694,2361.12,0.00360389
10,1001,94.0494,1397.8,0.0216393
10,1002,41.9643,859.729,0.0746392
10,1003,60.4108,1072.38,0.0410383
10,1004,60.1366,908.958,0.162732
10,1005,57.1641,796.598,0.0163762
10,1001,4.51572,297.629,0.00252834
10,1002,0,0,0
10,1003,0,0,0
10,1004,3.06831,300.336,0.00169344
10,1001,24.9278,747.516,0.00718372
10,1002,18.29,439.382,0.239525
10,1003,3.59188,297.368,0.00423152
10,1001,85.651,1375.21,0.127848
10,1002,84.3885,1465.19,0.00477978
10,1003,50.8862,1259.19,0.0466867
10,1004,94.6249,1370.56,0.00514534
10,1005,70.3203,1167.53,0.00392815
20,1006,53.9058,2045.74,0.0287407
20,1007,98.3068,2898.16,0.00278618
20,1008,66.0072,2239.32,0.0259765
20,1009,90.4874,2665.18,0.0243315
20,1010,64.5827,2310.59,0.0300463
10,1001,0,0,0
10,1001,100,1469.98,0.00169594
10,1002,100,1471.47,0.00172936
10,1003,100,1469.1,0.00181043
10,1004,100,1470.53,0.0017401
10,1005,100,1468.26,0.00176302
20,1006,90.9532,2781.12,0.00270411
20,1007,99.7955,2983.77,0.00222078
20,1008,99.8146,2937.33,0.00323779
20,1009,96.3633,2819.01,0.0142072
20,1010,99.6935,2920.68,0.00251829
10,1001,100,1469.98,0.00169594
10,1002,100,1471.47,0.00172936
10,1001,97.7421,1466.15,0.00313266
10,1002,97.0509,1476.88,0.00650516
10,1003,51.5488,1029.2,0.0018128
10,1004,100,1470.56,0.00181145
10,1005,99.7294,1468.52,0.00324647
10,1001,98.1009,1470.19,0.00281111
10,1002,32.4134,1089.62,0.0876658
10,1003,91.9662,1418.95,0.0466985
10,1004,44.2947,926.021,0.211657
10,1005,87.8771,1359.43,0.00503908
10,1001,95.2733,1449.42,0.0122629
10,1002,47.619,892.972,0.0281617
10,1003,70.4986,1117.73,0.00720177
10,1004,73.3483,1306.08,0.00399364
10,1005,69.3682,1111.09,0.072109
20,1006,43.2238,1889,0.0445485
20,1007,57.1104,1990.06,0.00643694
20,1008,72.1173,2120.95,0.00846003
20,1009,63.0939,2033.98,0.0083139
20,1010,65.8443,2046.15,0.00320828
10,1,40.886,867.916,0.00528187
10,2,82.1178,1417.26,0.00507439
10,3,88.2818,1161.31,0.00258914
10,4,40.8912,812.011,0.0853411
10,5,63.0934,1177.18,0.0687325
10,6,47.1601,905.714,0.0718964
10,7,78.0869,1293.26,0.00577499
10,8,48.6377,1039.42,0.0204162
10,9,91.2547,1271.73,0.00332173
10,10,77.822,1402.82,0.0401188
10,101,79.0589,1287.4,0.00261626
10,102,34.7737,1043.62,0.0042921
10,103,84.7465,1219.87,0.0983531
10,104,59.1199,1176.06,0.00259922
10,105,60.0641,857.217,0.00698276
10,106,75.947,1143.71,0.00733897
10,107,61.1541,1153.87,0.0663393
10,108,44.8925,1222.94,0.015301
10,109,72.5611,1268.51,0.00259095
10,110,73.1023,973.867,0.0825055
20,11,42.537,1970.87,0.00974038
20,12,64.7774,2478.33,0.0238868
20,13,45.8642,1596.26,0.00419023
20,14,56.3564,2035.1,0.00512439
20,15,67.0242,2223.9,0.0548712
20,16,64.2057,2280.6,0.0246297
20,17,55.7997,1960.48,0.0248193
20,18,46.3443,1708.5,0.10023
20,19,47.2337,1971.91,0.0232259
20,20,51.5995,1580.98,0.0103014
20,201,70.9493,2601.48,0.0736801
20,202,47.458,2074.2,0.0260801
20,203,66.581,2243.25,0.00960566
20,204,31.7097,1849.9,0.0313184
20,205,71.88,2228.14,0.0678061
20,206,69.4325,2578.82,0.0289854
20,207,52.2765,1976.24,0.0117853
20,208,31.8328,1495.8,0.0826075
20,209,45.0476,1651.41,0.109254
20,210,52.6359,1861.27,0.105173
30,21,55.8514,3181.9,0.0181084
30,22,34.7896,2548.61,0.0424075
30,23,52.979,2279.12,0.0178452
30,24,37.0327,1835.01,0.0821116
30,25,33.454,2100.75,0.020886
30,26,71.6006,2985.76,0.0678947
30,27,32.7729,1751.75,0.155085
30,28,62.7429,3175.74,0.0742114
30,29,51.1801,3231.29,0.0409061
30,30,66.9682,3548.6,0.0408188
30,301,35.5207,1942.58,0.0123491
30,302,49.5123,3225.49,0.0309996
30,303,43.5757,2813.31,0.023508
30,304,50.4466,2928.48,0.056941
30,305,28.6586,2319.69,0.155949
30,306,51.2271,2240.14,0.0859267
30,307,27.5898,1759.51,0.0205766
30,308,54.1073,3181.82,0.0564626
30,309,57.6041,2767.13,0.00932086
30,310,50.3206,2719.93,0.0307718
40,31,27.8441,2297.59,0.057309
40,32,38.6888,3168.98,0.123687
40,33,36.648,2708.19,0.0936531
40,34,39.9051,3330.58,0.124402
40,35,47.0434,3149.71,0.0994385
40,36,43.0643,2891.3,0.0743042
40,37,33.1639,2664.72,0.021854
40,38,53.6867,3526.94,0.0663544
40,39,42.6262,3519.46,0.103034
40,40,56.5517,4038.88,0.0527226
40,401,37.3347,3098.18,0.0739874
40,402,61.0345,4028.54,0.0517436
40,403,41.7502,3847.03,0.0865497
40,404,44.6163,2915.89,0.149166
40,405,54.508,3379.51,0.0195267
40,406,50.6598,3705.88,0.0978889
40,407,48.6547,3987.39,0.0923773
40,408,42.2013,2962.95,0.113093
40,409,47.7272,4000.1,0.0625546
40,410,33.495,3427.37,0.0655352
50,41,33.3934,3773.85,0.0379769
50,42,42.8187,3961.22,0.0532551
50,43,31.7486,3256.38,0.0403253
50,44,40.1208,4562.34,0.0356115
50,45,46.1538,4451.95,0.0674236
50,46,42.3881,3601.53,0.130506
50,47,38.2613,3650.7,0.050009
50,48,40.2694,3619.32,0.0757925
50,49,36.5054,3471.89,0.0648097
50,50,41.1299,4338.06,0.0729214
50,501,30.5326,3719.97,0.105603
50,502,30.3831,3831.89,0.0552404
50,503,43.927,4096.23,0.0420738
50,504,44.2976,4258.11,0.0225724
50,505,47.5218,4501.46,0.0267363
50,506,40.7092,3912.76,0.0729618
50,507,33.4632,3132.8,0.0207428
50,508,37.3628,3831.83,0.116916
50,509,41.9434,4314.53,0.0410031
50,510,36.3708,3671.72,0.0665646
10,1001,52.7326,952.002,0.0051185
10,1002,24.8647,901.515,0.00774523
10,1003,20.2253,376.331,0.0169934
10,1004,43.1579,670.872,0.138853
10,1005,57.3129,1258.6,0.0462126
20,1006,21.2579,1664.7,0.0204084
20,1007,37.75,1375.99,0.00908644
20,1008,51.2402,2134.99,0.0938538
20,1009,31.8728,1348.35,0.0373923
20,1010,49.9336,1999.86,0.102104
30,1001,33.4439,2768.25,0.0282044
30,1002,45.3497,2783.22,0.0369497
30,1003,30.3888,2632.73,0.117764
30,1004,38.7297,2150.61,0.0418483
30,1005,20.141,1979.12,0.0230329
40,1006,40.9566,3213.16,0.120275
30,1001,33.4439,2768.25,0.0282044
30,1002,45.3497,2783.22,0.0369497
30,1003,30.3888,2632.73,0.117764
30,1004,38.7297,2150.61,0.0418483
30,1005,20.141,1979.12,0.0230329
40,1006,40.9566,3213.16,0.120275
40,1007,35.2069,2864.06,0.153178
40,1008,28.2135,2674.34,0.0982411
40,1009,35.7939,3177.54,0.0811538
40,1010,25.8202,2307.98,0.152335
10,1,34.9726,1036.61,0.00476875
10,2,41.5267,1398.86,0.0209189
10,3,69.5523,1204.77,0.158017
10,4,24.826,585.825,0.0348236
10,5,12.8394,681.673,0.0445251
10,6,16.8341,633.931,0.17675
10,7,22.3734,824.766,0.248001
10,8,51.1668,659.814,0.189132
10,9,53.0747,934.308,0.0886058
10,10,39.8027,959.237,0.0349376
10,101,64.9718,998.171,0.0224431
10,102,20.9935,611.876,0.043611
10,103,54.5071,802.032,0.320377
10,104,38.1831,688.175,0.254608
10,105,50.3026,929.584,0.0159646
10,106,71.874,733.774,0.139127
10,107,31.8816,762.767,0.456048
10,108,42.4565,1219.14,0.0402307
10,109,22.994,561.889,0.0494727
10,110,40.0385,873.216,0.280686
20,11,38.6194,1623.65,0.0285903
20,12,54.5042,1919.34,0.115594
20,13,44.4108,1635.6,0.0318732
20,14,27.4365,1481.78,0.0576703
20,15,47.6157,1858.42,0.0243241
20,16,33.9721,1422.19,0.165638
20,17,25.2307,1101.07,0.0423006
20,18,23.7259,1167.26,0.0297146
20,19,53.9528,1659.18,0.00754042
20,20,38.6318,1681.34,0.0709318
20,201,37.9276,2162.95,0.0180391
20,202,31.6848,1807.43,0.166147
20,203,26.9649,1282.09,0.107438
20,204,41.5089,1635.27,0.0140052
20,205,37.5926,1704.73,0.100841
20,206,55.693,2026.92,0.0409277
20,207,24.2404,1427.64,0.0169846
20,208,21.8097,1319.42,0.0179149
20,209,38.3705,1727.33,0.0517172
20,210,35.9565,1245.63,0.110847
30,21,33.088,2599.54,0.0932391
30,22,31.9316,2581.45,0.103757
30,23,42.4254,2656.19,0.0719982
30,24,28.3108,1984.21,0.0222927
30,25,31.5161,2353.73,0.256673
30,26,55.788,2698.11,0.0683803
30,27,28.9858,1813.74,0.0119084
30,28,25.2849,1390.77,0.0394837
30,29,31.4919,2290.79,0.0358859
30,30,40.1978,2187.57,0.326815
30,301,23.9261,1614.03,0.0949824
30,302,28.0425,2501.83,0.029928
30,303,36.1002,1857.82,0.0421942
30,304,40.1492,2568.16,0.103896
30,305,16.5028,1653.47,0.0306089
30,306,44.8133,1982.42,0.0323363
30,307,39.1209,2311.92,0.0805822
30,308,22.1939,2200.86,0.162409
30,309,33.1914,1948.84,0.0650452
30,310,40.3154,2847.21,0.0611959
40,31,29.505,2052.54,0.0356408
40,32,32.084,2828.17,0.252333
40,33,38.6125,2910.52,0.033697
40,34,35.612,2764.79,0.0702778
40,35,30.8594,2641.87,0.0547286
40,36,44.9853,3422.15,0.107205
40,37,27.0789,2511.25,0.204694
40,38,32.2537,2395.58,0.0804326
40,39,23.9123,2202.08,0.0460948
40,40,32.118,3263.5,0.0476406
40,401,19.8509,2784.77,0.0666547
40,402,37.6779,2851.78,0.0701951
40,403,20.563,1789.56,0.112527
40,404,34.1702,2439.71,0.0574761
40,405,19.8659,2158.6,0.0531855
40,406,31.9246,3268.72,0.0756057
40,407,39.4906,3275.38,0.111244
40,408,18.166,1642.29,0.0847389
40,409,23.238,2567.39,0.0337467
40,410,28.5163,2390,0.0727096
50,41,22.2477,2839.48,0.017673
50,42,27.4892,3293.4,0.0535461
50,43,22.011,3134.97,0.198257
50,44,32.8441,3293.71,0.0573346
50,45,33.9863,3175.12,0.114365
50,46,38.0992,3865.25,0.245478
50,47,44.6604,3752.03,0.0867736
50,48,22.5506,2586.28,0.11905
50,49,17.7439,2273.2,0.0551561
50,50,33.3129,3692.94,0.0392089
50,501,18.3873,2741.91,0.0877088
50,502,25.9827,2525.11,0.141067
50,503,34.7576,3327.31,0.0683627
50,504,40.5425,3713.84,0.0810399
50,505,28.8428,2643.41,0.107493
50,506,26.4093,3036.69,0.0496739
50,507,21.3618,3018.19,0.0594681
50,508,25.3907,3446.47,0.124324
50,509,29.4998,3421.29,0.178902
50,510,27.141,2669.54,0.0868143
20,1001,14.8174,989.387,0.0667389
20,1001,17.8012,1387.63,0.0363721
1,1,0,0,0
1,1,0,0,0
1,1,0,0,0
1,1,0,0,0
1,2,0,0,0
1,3,0,0,0
1,3,0,0,0
1,3,0,0,0
1,3,0,0,0
1,3,0,0,0
1,3,0,0,0
1,3,0,0,0
1,3,0,0,0
1,3,0,0,0
1,3,0,0,0
1,3,0,0,0
1,3,0,0,0
1,3,0,0,0
1,3,0,0,0
1,3,0,0,0
1,3,0,0,0
1,3,0,0,0
1,3,100,146.869,0.0016198
1,3,100,146.869,0.0016198
1,3,100,146.869,0.0016198
1,3,100,146.869,0.00161981
1,3,100,146.869,0.00161981
1,3,100,146.869,0.00161981
1,3,100,146.869,0.00161981
1,3,100,146.869,0.00161981
1,3,100,146.869,0.00161981
1,3,0,0,0
1,3,100,146.869,0.00161981
1,3,100,146.869,0.00161981
1,3,0,0,0
1,3,0,0,0
1,3,100,146.869,0.00161981
1,3,100,146.869,0.00161981
1,3,100,146.869,0.00161981
1,3,0,0,0
1,3,100,146.869,0.00161981
1,3,0,0,0
1,3,0,0,0
1,3,100,146.869,0.00161981
1,3,100,146.869,0.00161981
1,3,100,146.869,0.00161981
1,3,0,0,0
1,3,100,146.869,0.0016198
20,1001,20.4799,1104.12,0.0209752
20,1001,26.4633,982.029,0.0267134
20,1002,26.6005,1163.39,0.0236736
20,1003,20.4366,1048.36,0.0202271
20,1001,23.7464,1238.63,0.0306327
20,1002,28.8704,912.284,0.0370769
20,1003,16.2151,1373.75,0.0514539
20,1004,23.4612,1148.16,0.0566309
20,1005,25.6174,1084.83,0.0327021
20,1006,25.8267,1303.84,0.0276993
20,1007,41.0819,856.134,0.00958126
20,1008,32.4233,1157.07,0.0205624
20,1009,26.0719,1449.27,0.0303591
20,1010,17.6018,1114.92,0.0488225
20,1001,31.0756,1534.55,0.0207351
20,1001,24.9291,209.583,0.0484073
20,1001,8.00343,274.135,0.0442595
20,1001,23.2896,955.647,0.016968
5,1001,29.0631,49.164,0.00164878
5,1002,0,0,0
5,1001,85.086,248.288,0.016151
5,1002,91.4729,250.091,0.00247586
5,1003,56.7879,192.262,0.0126925
5,1004,100,246.554,0.00282071
5,1005,71.3235,201.034,0.0110303
5,1006,32.7897,167.089,0.818571
5,1007,71.3552,172.099,0.00995589
5,1008,91.0966,180.884,0.00586699
5,1009,64.6927,250.013,0.178996
5,1010,52.3364,135.16,0.00415523
5,1001,85.086,248.288,0.016151
5,1001,29.0631,49.164,0.00164878
10,1001,15.8059,99.0105,0.00173114
10,1001,51.3281,404.617,0.0297513
10,1001,51.3281,404.617,0.0297513
10,1001,43.9606,302.417,0.0330123
10,1001,51.3281,404.617,0.0297513
10,1001,51.3281,404.617,0.0297513
10,1001,51.3281,404.617,0.0297513
10,1001,51.3281,404.617,0.0297513
10,1001,51.3281,404.617,0.0297513
10,1001,51.3281,404.617,0.0297513
10,1001,51.3281,404.617,0.0297513
10,1001,51.3281,404.617,0.0297513
10,1001,51.3281,404.617,0.0297513
10,1001,51.3281,404.617,0.0297513
10,1001,51.3281,404.617,0.0297513
10,1001,51.3281,404.617,0.0297513
10,1001,51.3281,404.617,0.0297513
10,1001,51.3281,404.617,0.0297513
10,1001,55.494,350.168,0.0323631
10,1001,2.58216,55.1573,0.460333
10,1001,2.58216,55.1914,0.459979
10,1001,2.58216,55.1733,0.459836
10,1001,2.58216,55.1733,0.459836
10,1001,2.58216,55.1573,0.460333
10,1001,2.58216,55.1573,0.460333
10,1001,13.302,49.1264,0.00171458
10,1001,13.302,49.1264,0.00171458
10,1001,51.3281,404.617,0.0297513
10,1001,1.56495,51.5061,0.00193403
10,1001,14.375,154.44,0.0381161
10,1001,5.24781,105.312,0.0105837
10,1001,51.3281,404.617,0.0297513
10,1001,55.494,350.168,0.0323631
10,1001,55.494,350.168,0.0323631
10,1001,55.494,350.168,0.0323631
10,1001,0,0,0
10,1001,100,493.246,0.00168214
10,1001,100,493.246,0.00168214
10,1001,100,493.246,0.00168214
10,1001,100,493.246,0.00168214
10,1001,0,0,0
10,1001,0,0,0
10,1001,0,0,0
10,1001,100,493.246,0.00168214
10,1001,0,0,0
10,1001,100,493.246,0.00168214
10,1001,2.58216,55.1573,0.460333
10,1001,2.58216,55.1573,0.460333
10,1001,2.58216,55.1573,0.460333
10,1001,55.494,350.167,0.0323784
10,1001,2.58216,55.1573,0.460333
10,1001,2.58216,55.1573,0.460333
10,1001,51.3281,404.617,0.0297513
10,1001,51.3281,404.617,0.0297513
10,1001,51.3281,404.617,0.0297513
10,1,67.8317,1174.07,0.186715
10,1,67.8317,1174.07,0.186715
10,1,67.8317,1174.07,0.186715
10,1,53.3022,1214.19,0.071106
10,1,97.9476,1466.7,0.00441285
10,1,97.9476,1466.7,0.00441285
10,1,53.3022,1214.19,0.071106
10,1,80.187,1223.76,0.113055
10,1,84.2667,1299.34,0.0402986
10,1,49.7333,982.243,0.23915
10,1,100,1469.92,0.00042994
10,1,49.2373,826.808,0.0197809
10,1,99.7155,1470.41,0.00240618
10,1,91.3026,1390.38,0.0284473
10,1,49.2373,826.808,0.0197809
10,1,91.3026,1390.38,0.0284473
10,1,49.2373,826.808,0.0197809
10,1,49.2373,826.808,0.0197809
10,1,91.3026,1390.38,0.0284473
10,2,77.1018,1182.66,0.104872
10,3,72.6815,1021.24,0.000750435
10,4,89.8818,1202.8,0.0351911
10,5,56.262,972.205,0.00638662
10,6,68.2014,1339.17,0.00124624
10,7,77.8867,1435.9,0.0586062
10,8,69.7838,949.168,0.073289
10,9,94.5133,1470.7,0.00188715
10,10,58.5278,818.584,0.00796258
10,101,76.0062,1199.81,0.0549766
10,102,57.2138,975.693,0.0392031
10,103,75.3497,1261.49,0.0267622
10,104,53.6196,984.443,0.0295011
10,105,58.0324,1218.35,0.0216256
10,106,78.6055,1130.82,0.0541915
10,107,86.0662,1304.01,0.00539196
10,108,64.7083,833.846,0.0033941
10,109,82.3744,1262.55,0.00433026
10,110,56.9346,1021.62,0.0833602
20,11,79.3367,2575.27,0.0604044
20,12,85.2467,2161.49,0.0506866
20,13,84.4556,2789.43,0.0019341
20,14,74.7437,2505.58,0.0967682
20,15,72.7797,2477.64,0.0961959
20,16,73.7242,2493.64,0.00656684
20,17,63.2985,1937.44,0.141455
20,18,60.841,2135.55,0.0658638
20,19,87.7483,2518.26,0.0354789
20,20,80.2254,2696.49,0.0434294
20,201,82.9612,2787.52,0.0619373
20,202,67.2553,2193.68,0.100148
20,203,59.82,2121.57,0.119936
20,204,89.4869,2824.36,0.00382404
20,205,70.183,2407.41,0.0198483
20,206,73.5908,2457.5,0.00626686
20,207,89.9032,2749.68,0.0341483
20,208,67.07,2265.01,0.0309412
20,209,85.3325,2693.9,0.0147402
20,210,70.0922,2365.94,0.0256748
30,21,64.4779,2864.45,0.0345799
30,22,56.0274,2721.3,0.0509232
30,23,62.4456,2918.99,0.0344409
30,24,63.6298,3103.35,0.0205931
30,25,67.7626,3288.34,0.0332241
30,26,60.4187,2985.14,0.0338771
30,27,77.2569,3456.99,0.0133528
30,28,74.1462,3487.51,0.0286893
30,29,55.1228,2667.26,0.0589809
30,30,79.6772,3588.46,0.0373255
30,301,54.9868,2527.18,0.0472943
30,302,65.4714,3437.8,0.0561744
30,303,59.1754,3123.62,0.0386261
30,304,76.8874,3386.7,0.040815
30,305,60.6175,2915.42,0.0379528
30,306,68.9909,3277.55,0.0617883
30,307,61.3185,3025.39,0.051146
30,308,69.4591,3162.09,0.0524445
30,309,59.0442,2750.55,0.0523676
30,310,83.6014,3997.14,0.0065561
40,31,50.1581,3615.29,0.0349854
40,33,54.5777,3220.7,0.0433947
40,34,60.3716,3378.12,0.0448068
40,35,56.9149,3925.27,0.0509233
40,36,52.3283,3387.19,0.0294603
40,37,45.1111,2670.25,0.0701897
40,38,48.9821,3316.9,0.0452394
40,39,41.2347,2904.09,0.0645234
40,40,38.6074,2723.43,0.0810101
40,401,41.7142,2886.72,0.0917928
40,402,59.116,3626.88,0.0520832
40,403,47.5712,3031.94,0.077682
40,404,54.6288,3397.12,0.0584864
40,405,58.1459,3813.83,0.0767567
40,406,58.5387,3638.83,0.0386986
40,407,44.3267,3145.73,0.095698
40,408,42.2263,2931.21,0.0665926
40,409,53.6959,3236.14,0.0691283
40,410,34.3156,2698.18,0.155722
50,41,46.9006,3838.01,0.0590731
50,42,46.3836,3606.6,0.082904
50,43,35.9314,3215.6,0.0893223
50,44,49.092,4025.77,0.0354788
50,45,44.0693,3549.76,0.0312251
50,46,57.178,4546.84,0.0459835
50,47,43.7525,3098.51,0.0510508
50,48,37.8194,3336.44,0.0365709
50,49,34.371,3312.88,0.163402
50,50,33.2936,2733.25,0.0557632
50,501,30.1605,2759.52,0.0768179
50,502,32.5474,2712.85,0.098338
50,503,46.812,4570.93,0.0495302
50,504,59.7219,4537.05,0.075017
50,505,43.7951,3419.32,0.0636738
50,506,28.7743,2758.95,0.145891
50,507,49.1365,4187.42,0.082455
50,508,41.8621,3160.25,0.0415292
50,509,43.7044,3686.91,0.0420969
50,510,41.7206,3694.82,0.0710496
10,1001,71.6163,369.851,0.0237362
10,1001,90.6886,478.155,0.284506
10,1001,74.4914,421.523,0.312208
10,1001,90.6886,478.155,0.284506
20,1001,49.9668,692.338,0.0298515
20,1002,34.2405,386.607,0.046149
20,1003,33.4688,504.739,0.048571
20,1001,46.9188,130.039,0.0686934
20,1002,46.8617,114.147,0.0859576
20,1003,47.6949,117.603,0.0694283
20,1004,35.5822,105.798,0.0782569
20,1005,56.8258,138.817,0.0467945
10,1001,65.8722,62.0848,0.0334936
10,1002,66.0754,61.8077,0.039039
10,1001,67.5785,98.1362,0.0308569
10,1002,62.7955,70.7675,0.0511758
10,1003,71.2871,77.1583,0.0289473
10,1004,59.8765,80.0794,0.0308911
10,1005,78.7649,84.9444,0.0505391
10,1001,79.4393,85.0361,0.0446959
10,1001,79.4393,85.0361,0.0446959
10,1002,64.1949,72.7701,0.0543971
10,1003,58.3246,67.2017,0.0609284
10,1004,79.1833,83.8088,0.029023
10,1005,64.3657,66.8554,0.0417065
10,1001,67.2823,76.0135,0.040528
10,1002,71.8254,76.9389,0.0177202
10,1003,72.5146,85.4842,0.0264412
10,1004,76.6034,87.7334,0.0346709
10,1005,77.381,84.598,0.0297068
10,1001,77.513,86.6948,0.036677
10,1002,68.2759,75.8258,0.0250493
10,1003,78.2922,82.8692,0.0291599
10,1004,82.1323,88.8831,0.0319875
10,1005,74.0809,102.619,0.0418792
10,1001,61.4667,59.414,0.0350778
10,1002,64.7256,69.4105,0.0223071
10,1003,62.963,80.8812,0.0612844
10,1004,60.9181,72.6121,0.0372884
10,1005,78.5037,89.715,0.0261909
10,1001,57.2482,44.2111,0.108878
10,1001,59.8522,38.2705,0.0315363
10,1001,63.3735,37.6261,0.126616
10,1001,63.3735,37.6261,0.126616
10,1002,53.0201,37.7781,0.0867121
10,1003,43.4783,31.9238,0.0425598
10,1004,66.1137,41.0419,0.0777634
10,1005,78.9976,35.6802,0.0712954
10,1001,57.2482,44.2111,0.108878
10,1002,56.057,33.3646,0.0485683
10,1003,59.1029,34.8565,0.0293443
10,1004,65.8416,43.7328,0.071875
10,1005,83.2285,43.898,0.0388146
10,1001,57.2482,44.2111,0.108878
10,1001,57.2482,44.2111,0.108878
10,1001,70.2,38.9343,0.028488
10,1001,78,39.1397,0.0189201
10,1001,70.2,38.9343,0.028488
10,1001,76.087,41.1496,0.0615164
10,1001,31.5451,25.0131,0.0732283
10,1001,93.2,47.5845,0.0254515
10,1001,93.2,47.5845,0.0254515
10,1002,82.3113,47.0704,0.0135011
10,1003,75.5319,39.1691,0.0300595
10,1004,64.7059,40.629,0.119407
10,1005,92.6667,47.6238,0.0228947
10,1001,93.2,47.5845,0.0254515
10,1002,82.3113,47.0704,0.0135011
10,1003,75.5319,39.1691,0.0300595
10,1004,64.7059,40.629,0.119407
10,1005,92.6667,47.6238,0.0228947
10,1001,93.2,47.5845,0.0254515
10,1002,82.3113,47.0704,0.0135011
10,1003,75.5319,39.1691,0.0300595
10,1004,64.7059,40.629,0.119407
10,1005,92.6667,47.6238,0.0228947
10,1006,81.25,46.9045,0.0522428
10,1007,87.2093,43.4526,0.0351334
10,1008,51.1749,43.8987,0.0169428
10,1009,66.4234,48.9264,0.0352246
10,1010,51.8,44.9998,0.0189958
10,1011,87.5433,46.7752,0.0731832
10,1012,66.3594,37.9633,0.0769845
10,1013,89.6648,45.5574,0.0228324
10,1014,82.1782,48.4842,0.00965955
10,1015,72.8302,39.0041,0.0259277
10,1016,55.6522,40.2258,0.0129115
10,1017,91.1504,48.1442,0.0147556
10,1018,81.2317,47.9192,0.0361379
10,1019,88.3534,43.9521,0.0130132
10,1020,61.4754,43.034,0.0065846
10,1001,93.2,47.5845,0.0254515
10,1002,82.3113,47.0704,0.0135011
10,1003,75.5319,39.1691,0.0300595
10,1004,64.7059,40.629,0.119407
10,1005,92.6667,47.6238,0.0228947
10,1006,81.25,46.9045,0.0522428
10,1007,87.2093,43.4526,0.0351334
10,1008,51.1749,43.8987,0.0169428
10,1009,66.4234,48.9264,0.0352246
10,1010,51.8,44.9998,0.0189958
10,1011,87.5433,46.7752,0.0731832
10,1012,66.3594,37.9633,0.0769845
10,1013,89.6648,45.5574,0.0228324
10,1014,82.1782,48.4842,0.00965955
10,1015,72.8302,39.0041,0.0259277
10,1016,55.6522,40.2258,0.0129115
10,1017,91.1504,48.1442,0.0147556
10,1018,81.2317,47.9192,0.0361379
10,1019,88.3534,43.9521,0.0130132
10,1020,61.4754,43.034,0.0065846
10,1001,82.881,43.952,0.0188765
10,1002,78.3019,49.2606,0.0055506
10,1003,71.1656,38.1996,0.0265767
10,1004,78.0488,39.7434,0.023636
10,1005,89.1111,47.3452,0.0143156
10,1006,78.5185,40.2559,0.048537
10,1007,94.7658,48.6459,0.03625
10,1008,84.2377,48.7142,0.0431611
10,1009,94.5679,49.0434,0.0206905
10,1010,89.2216,48.2612,0.0214714
10,1011,85.8131,44.6855,0.0106033
10,1012,77.7778,42.1466,0.0346517
10,1013,79.8046,40.4843,0.0171028
10,1014,87.055,44.8035,0.0335511
10,1015,90.6574,49.7512,0.0171297
10,1016,90.7781,48.736,0.0137818
10,1017,86.2832,46.1366,0.0209787
10,1018,80.4665,39.0956,0.000921893
10,1019,80.0725,39.5264,0.0261861
10,1020,71.5493,41.4548,0.081679
10,1001,82.881,43.952,0.0188765
10,1002,78.3019,49.2606,0.0055506
10,1003,71.1656,38.1996,0.0265767
10,1004,78.0488,39.7434,0.023636
10,1005,89.1111,47.3452,0.0143156
10,1006,78.5185,40.2559,0.048537
10,1007,94.7658,48.6459,0.03625
10,1008,84.2377,48.7142,0.0431611
10,1009,94.5679,49.0434,0.0206905
20,2001,72.8495,79.9939,0.0175323
20,2002,82.1162,76.6264,0.0162285
20,2003,79.3932,83.9368,0.0188668
20,2004,94.5055,96.2646,0.0170086
20,2005,92.7152,95.4628,0.0177019
20,2006,80.8057,89.6206,0.0167931
20,2007,86.7868,94.0048,0.0181336
20,2008,86.6579,89.4834,0.021546
20,2009,73.4925,85.652,0.0258065
20,2010,81.5029,86.4712,0.014315
20,2001,72.8495,79.9939,0.0175323
20,2002,82.1162,76.6264,0.0162285
20,2003,79.3932,83.9368,0.0188668
20,2004,94.5055,96.2646,0.0170086
20,2005,92.7152,95.4628,0.0177019
20,2006,80.8057,89.6206,0.0167931
20,2007,86.7868,94.0048,0.0181336
20,2008,86.6579,89.4834,0.021546
20,2009,73.4925,85.652,0.0258065
20,2010,81.5029,86.4712,0.014315
20,2001,62.0269,80.1847,0.0536125
20,2002,66.4393,68.7385,0.0755227
20,2003,57.8624,72.579,0.0536122
20,2004,78.5486,84.797,0.0455176
20,2005,62.8165,74.1205,0.0992856
20,2006,52.2406,77.6773,0.083889
20,2007,66.0121,77.3595,0.11019
20,2008,59.7356,73.2549,0.106404
20,2009,59.0085,70.6019,0.085323
20,2010,59.8639,77.9425,0.0354788
20,1001,72.7399,79.1916,0.0442877
20,1002,53.4404,73.7319,0.0773904
20,1003,73.0564,83.5,0.0317749
20,1004,68.2127,75.5942,0.026597
20,1005,72.4224,78.7054,0.0359381
20,1006,52.1739,69.4507,0.0506752
20,1007,63.5183,76.6327,0.0466373
20,1008,66.3636,82.1606,0.0435323
20,1009,73.9362,71.6559,0.0337369
20,1010,65.9746,75.7642,0.0462203
10,1001,60.7692,34.2628,0.0621509
10,1002,58.1236,43.4251,0.0351718
10,1003,71.6599,35.629,0.0412128
10,1004,69.5783,38.1454,0.0445175
10,1005,72.0721,36.5941,0.0298755
10,1006,63.9485,32.0078,0.0943339
10,1007,59.2208,40.292,0.10251
10,1008,41.2658,26.5386,0.080273
10,1009,80.3109,37.4619,0.0231613
10,1010,58.1109,34.2641,0.0289732
10,1011,80.6962,49.6951,0.0276069
10,1012,73.2426,40.5551,0.0500273
10,1013,70.5405,43.2983,0.066206
10,1014,71.1599,40.2222,0.0459156
10,1015,60.0671,36.4569,0.0363523
10,1016,79.7654,42.3588,0.0524182
10,1017,55.2966,34.1614,0.0662999
10,1018,54.1667,37.702,0.0940188
10,1019,59.5745,32.9684,0.00540652
10,1020,55.9229,36.3423,0.0965125
20,2001,30.8712,58.2828,0.104998
20,2002,34.494,51.7797,0.0675729
20,2003,44.5892,59.1859,0.0683913
20,2004,41.5262,55.13,0.0612388
20,2005,45.25,58.8267,0.134829
20,2006,39.7642,51.207,0.0768439
20,2007,40.8235,59.5305,0.103345
20,2008,43.6927,58.2171,0.122814
10,41,83.6449,42.8501,0.0200248
10,42,86.9888,50.1572,0.0319236
10,43,69.3252,41.6306,0.0201667
10,44,78.1437,44.243,0.0187486
10,45,78.0886,46.7299,0.0353059
10,46,59.5238,29.8026,0.0396752
10,47,75.4673,36.9288,0.0170476
10,48,79.4944,42.1502,0.0127065
10,49,69.0141,43.1074,0.0367139
10,50,77.3585,42.1472,0.0385928
10,501,86.2423,44.3335,0.0173884
10,502,78.7879,41.6587,0.0220968
10,503,76.3934,44.2275,0.0384424
10,504,87.8289,46.1434,0.0313136
10,505,74.7706,44.6331,0.0655318
10,506,89.5238,47.6634,0.0259676
10,507,84.8485,43.2123,0.0150046
10,508,92.5697,50.4225,0.0131841
10,509,79.5918,40.355,0.0187376
10,510,83.8906,42.8597,0.0254376
10,601,65.4691,38.2096,0.0219321
10,602,83.1579,42.451,0.0246107
10,603,78.6667,46.5577,0.0429453
10,604,75.5102,41.8425,0.0369276
10,605,72.7848,40.0912,0.0722656
10,606,53.1187,35.0843,0.0852851
10,607,78.8419,45.555,0.0363578
10,608,79.3413,44.7155,0.0308281
10,609,63.0923,47.3553,0.0419696
10,610,74.7664,40.1529,0.0605589
10,611,63.4568,36.054,0.0587629
10,612,75.7679,44.9339,0.0356793
10,613,72.8758,42.9155,0.00698004
10,614,83.208,44.378,0.0192088
10,615,71.1538,40.4171,0.0428974
10,616,80.0959,46.8005,0.0482586
10,617,79.3367,44.6914,0.0370752
10,618,71.9731,45.4952,0.0678009
10,619,79.4258,35.5381,0.0485838
10,620,61.3527,37.8242,0.106686
10,601,65.4691,38.2096,0.0219321
10,602,83.1579,42.451,0.0246107
10,603,78.6667,46.5577,0.0429453
10,604,75.5102,41.8425,0.0369276
10,605,72.7848,40.0912,0.0722656
10,606,53.1187,35.0843,0.0852851
10,607,78.8419,45.555,0.0363578
10,608,79.3413,44.7155,0.0308281
10,609,63.0923,47.3553,0.0419696
10,610,74.7664,40.1529,0.0605589
10,611,63.4568,36.054,0.0587629
10,612,75.7679,44.9339,0.0356793
10,613,72.8758,42.9155,0.00698004
10,614,83.208,44.378,0.0192088
10,615,71.1538,40.4171,0.0428974
10,616,80.0959,46.8005,0.0482586
10,617,79.3367,44.6914,0.0370752
10,618,71.9731,45.4952,0.0678009
10,619,79.4258,35.5381,0.0485838
10,620,61.3527,37.8242,0.106686
10,12501,66.4935,40.6182,0.0639325
10,12502,41.1877,34.5223,0.159443
10,12503,68.4932,47.2156,0.0547414
10,12504,47.3348,35.7976,0.139595
10,12505,55.1075,26.0984,0.0829723
10,12506,52.071,36.4353,0.169723
10,12507,69.1566,35.5778,0.0414794
10,12508,62.069,41.0112,0.128559
10,12509,70.339,46.3556,0.0507404
10,12510,49.2063,35.6673,0.129655
10,12511,63.6364,32.4381,0.0735794
10,12512,45.1613,34.5106,0.0713355
10,12513,58.3333,38.9821,0.0574593
10,12514,61.2245,34.6352,0.0720749
10,12515,67.979,37.9847,0.0408517
10,12516,63.1098,42.3312,0.0792891
10,12517,51.735,37.0513,0.0665408
10,12518,48.7903,27.6007,0.0537411
10,12519,58.7031,37.9929,0.123256
10,12520,67.3797,39.8955,0.060527
10,12501,66.4935,40.6182,0.0639325
10,12502,41.1877,34.5223,0.159443
10,12503,68.4932,47.2156,0.0547414
10,12504,47.3348,35.7976,0.139595
10,12505,55.1075,26.0984,0.0829723
10,12506,52.071,36.4353,0.169723
10,12507,69.1566,35.5778,0.0414794
10,12508,62.069,41.0112,0.128559
10,12509,70.339,46.3556,0.0507404
10,12510,49.2063,35.6673,0.129655
10,12511,63.6364,32.4381,0.0735794
10,12512,45.1613,34.5106,0.0713355
10,12513,58.3333,38.9821,0.0574593
10,12514,61.2245,34.6352,0.0720749
10,12515,67.979,37.9847,0.0408517
10,12516,63.1098,42.3312,0.0792891
10,12517,51.735,37.0513,0.0665408
10,12518,48.7903,27.6007,0.0537411
10,12519,58.7031,37.9929,0.123256
10,12520,67.3797,39.8955,0.060527
10,501,86.2423,44.3335,0.0173884
10,501,86.2423,44.3335,0.0173884
10,502,78.7879,41.6587,0.0220968
